title,netflixId,image,link,categories,watched,imdb_id,imdb_rating,imdb_votes,year,rated,runtime,genres,director,actors,plot,awards,imdb_poster,content_type,total_seasons,type,imdb_rating_numeric,imdb_votes_numeric
Breaking Bad,70143836,https://occ-0-2087-2164.1.nflxso.net/dnm/api/v6/Qs00mKCpRvrkl3HZAN5KwEL1kpE/AAAABTY_oFMWa4w_MOegHro1RQFJygb7yu6ECJNjt0DIKOAEA00qkrtT2db1NM6RKMyEuhv4LPUrF96wCiAEvoSewxNHpcLSAQvrnr4.webp?r=c69,https://www.netflix.com/watch/70143836?tctx=11%2C4%2C%2C%2C%2C%2C%2C%2C%2CVideo%3A70143836%2C,"['Acclaimed Writers', 'Award-Winning TV Shows']",False,tt0903747,9.5,"2,449,665",2008–2013,TV-MA,49 min,"Crime, Drama, Thriller",N/A,"Bryan Cranston, Aaron Paul, Anna Gunn",A chemistry teacher diagnosed with inoperable lung cancer turns to manufacturing and selling methamphetamine with a former student to secure his family's future.,Won 16 Primetime Emmys. 172 wins & 269 nominations total,https://m.media-amazon.com/images/M/MV5BMzU5ZGYzNmQtMTdhYy00OGRiLTg0NmQtYjVjNzliZTg1ZGE4XkEyXkFqcGc@._V1_SX300.jpg,,5,series,9.5,2449665
Avatar The Last Airbender,80237957,https://occ-0-2087-2164.1.nflxso.net/dnm/api/v6/Qs00mKCpRvrkl3HZAN5KwEL1kpE/AAAABZwsJp2O5p20MGMJ72pjg-3qs4HazOOjk18NQa4CyWXSh7txWglG7wHOaCb_wDyhda16qsDPcCjZ-ZotnY46yhCaxUePtWv-BvE.jpg?r=0f5,https://www.netflix.com/watch/80237957?tctx=28%2C5%2C%2C%2C%2C%2C%2C%2C%2CVideo%3A80237957%2C,"['Epic Worlds', 'Action TV', 'US TV Shows Dubbed in Hindi']",False,tt0417299,9.3,"427,963",2005–2008,TV-Y7-FV,23 min,"Animation, Action, Adventure",N/A,"Dee Bradley Baker, Zach Tyler Eisen, Mae Whitman","In a war-torn world of elemental powers, a young boy reawakens to undertake a dangerous mystic quest to fulfill his destiny as the Avatar, and bring peace to the world.",Won 1 Primetime Emmy. 9 wins & 7 nominations total,https://m.media-amazon.com/images/M/MV5BMDMwMThjYWYtY2Q2OS00OGM2LTlkODQtNDJlZTZmMjAyYmFhXkEyXkFqcGc@._V1_SX300.jpg,,3,series,9.3,427963
Our Planet,80049832,https://occ-0-2087-2164.1.nflxso.net/dnm/api/v6/Qs00mKCpRvrkl3HZAN5KwEL1kpE/AAAABSeSfRME-ZnDzMe6IOVQK3Axi8QaCQLZCqHO0Q9hZ-F5msSA9QLuxoT9ewjoTrNZFmiXy26cWEHBRPwFziP6okMdy5Kh3qExWgo.jpg?r=a9c,https://www.netflix.com/watch/80049832?tctx=13%2C31%2C%2C%2C%2C%2C%2C%2C%2CVideo%3A80049832%2C,['Emmy-Winning TV Shows'],False,tt9253866,9.2,"58,743",2019–2023,TV-PG,403 min,Documentary,N/A,David Attenborough,"Explores and unravels the mystery of how and why animals migrate, showing some of the most dramatic and compelling stories in the natural world through spectacular and innovative cinematography.",Won 2 Primetime Emmys. 7 wins & 25 nominations total,https://m.media-amazon.com/images/M/MV5BZDE1NzlkNWMtNzFiMC00ZTgxLTgyMmItOTU5OGI2NWQ4MDMxXkEyXkFqcGc@._V1_SX300.jpg,,2,series,9.2,58743
When Life Gives You Tangerines,81681535,https://occ-0-2087-2164.1.nflxso.net/dnm/api/v6/Qs00mKCpRvrkl3HZAN5KwEL1kpE/AAAABeeBYvJx5lV5G0lFQ7KpNEaUbBZgZCafw2bMm6jDBfD2gjEoyiytLqt9yEtl5tM2muwy_68bynoSox3t8v-w2eg51_g_82OSD38.jpg?r=339,https://www.netflix.com/watch/81681535?tctx=15%2C20%2C%2C%2C%2C%2C%2C%2C%2CVideo%3A81681535%2C,"['Award-Winning TV Shows', 'TV Dramas', 'Only on Netflix', 'Critically Acclaimed TV Dramas']",False,tt26471411,9.1,"30,993",2025,TV-14,N/A,"Drama, History, Romance",N/A,"IU, Park Bo-gum, Moon So-ri","In Jeju, a spirited girl and a steadfast boy's island story blossoms into a lifelong tale of setbacks and triumphs, proving love endures across time.",6 wins & 4 nominations total,https://m.media-amazon.com/images/M/MV5BZTBhZTcwNWUtOTZjMi00ZjI2LWEzMzMtNWJkMWQ2ZDA0NTU3XkEyXkFqcGc@._V1_SX300.jpg,,1,series,9.1,30993
Rick and Morty,80014749,https://occ-0-2087-2164.1.nflxso.net/dnm/api/v6/Qs00mKCpRvrkl3HZAN5KwEL1kpE/AAAABfQm3X6XI5Vlrl35DbKq-1BwI_jE7OXyychjDgLiGksBqGWW-Tm-VpPMQ8vxc38SwA1hzOS_uWQ0OywMTShGxp9fB6RZ3MSrwkQAlLxjhMCrDoJuYqy32E7K5ITwpjOwhxtDRlV6JS4Oe87GsNw-XB7MhP5As35K0Adk3do.webp?r=7b9,https://www.netflix.com/watch/80014749?tctx=5%2C13%2C%2C%2C%2C%2C%2C%2C%2CVideo%3A80014749%2C,"['Sci-Fi TV', 'New on Netflix', 'Acclaimed Writers', 'Emmy-Winning TV Shows', 'Because you liked Gilmore Girls']",False,tt2861424,9.0,"673,197",2013–,TV-MA,23 min,"Animation, Adventure, Comedy",N/A,"Chris Parnell, Spencer Grammer, Sarah Chalke",The fractured domestic lives of a nihilistic mad scientist and his anxious grandson are further complicated by their inter-dimensional misadventures.,Won 2 Primetime Emmys. 18 wins & 41 nominations total,https://m.media-amazon.com/images/M/MV5BZGQyZjk2MzMtMTcyNC00NGU3LTlmNjItNDExMWM4ZDFhYmQ2XkEyXkFqcGc@._V1_SX300.jpg,,8,series,9.0,673197
Better Call Saul,80021955,https://occ-0-2087-2164.1.nflxso.net/dnm/api/v6/Qs00mKCpRvrkl3HZAN5KwEL1kpE/AAAABQV2ehIkf7r71XvzQtxOFkMrcGSgIhs6FeFbiheqMRTfIhYqSX3cRMbpa0fpqTdp2ZXj5_WUro-nUSG6kTBuE-gfaI9lseLRMa0.webp?r=58b,https://www.netflix.com/watch/80021955?tctx=7%2C2%2C%2C%2C%2C%2C%2C%2C%2CVideo%3A80021955%2C,['In a Mood'],False,tt3032476,9.0,"790,900",2015–2022,TV-MA,46 min,"Crime, Drama",N/A,"Bob Odenkirk, Rhea Seehorn, Jonathan Banks",The trials and tribulations of criminal lawyer Jimmy McGill in the years leading up to his fateful run-in with Walter White and Jesse Pinkman.,Nominated for 53 Primetime Emmys. 66 wins & 317 nominations total,https://m.media-amazon.com/images/M/MV5BNDdjNTEzMjMtYjM3Mi00NzQ3LWFlNWMtZjdmYWU3ZDkzMjk1XkEyXkFqcGc@._V1_SX300.jpg,,6,series,9.0,790900
One Piece,80107103,https://occ-0-2087-2164.1.nflxso.net/dnm/api/v6/Qs00mKCpRvrkl3HZAN5KwEL1kpE/AAAABTRu73xsJKutSueVMiLetZKM2fp6-dIBYJ2PNOCZ02t5Kk6vYo1Wh07yakaRZclXVpeQmYg_6yw3w72Ye4jGc2wRILiwIqTiZ4aK_bKWhSc5FO_5N_zzVEepniT2jZ5oq3AOeX1LNQXFGc4xd0P6yRhfACvZoDZiVLgcUqTnMeYbeR00TuZKogx5tvwFE-zL3ha37HXr6gY9k7w8BiwxEbO_8YaEIFRy8_Yfkqc8yGbTfoWyEF_74fJv61nHPovnAZP-YvUQrl1f7MYdoszy5gNsSJHZ7IMxJ7QL7v4alhdMkgr9houNhII3JNt0.webp?r=fcc,https://www.netflix.com/watch/80107103?tctx=34%2C35%2C%2C%2C%2C%2C%2C%2C%2CVideo%3A80107103%2C,['Action TV'],False,tt0388629,9.0,"331,084",1999–,TV-14,24 min,"Animation, Action, Adventure",N/A,"Mayumi Tanaka, Akemi Okamura, Tony Beck","Rubber-bodied dreamer Monkey D. Luffy gathers an eclectic pirate crew and braves the perilous Grand Line, battling tyrants and monsters to claim the legendary ""One Piece"" and become King of the Pirates.",7 wins & 15 nominations total,https://m.media-amazon.com/images/M/MV5BMTNjNGU4NTUtYmVjMy00YjRiLTkxMWUtNzZkMDNiYjZhNmViXkEyXkFqcGc@._V1_SX300.jpg,,1,series,9.0,331084
90's,82640238,https://occ-0-2087-2164.1.nflxso.net/dnm/api/v6/Qs00mKCpRvrkl3HZAN5KwEL1kpE/AAAABaj5GZ_i6TXR0e4xClhLDeFa8UI_wfyU7hoiV5_S-DCalH46z2TwO3oSKF0j8CwikOrfFoNt6Na1_XlyisLjJHBUmzi_xf-ylrCu6NFYN4-eqbDep-XkxN-EM5hW-ob9E5gybJhZiF53D_QHkCE0q6IpkHyP89eBSDuHQpwEA9nFvJ0QfsfCK75a2oq3WXZcQc6Kc2CwU2V50capazZEuuxe5q58m2JhPVBPu3E.webp?r=ed2,https://www.netflix.com/watch/82640238?tctx=3%2C23%2C%2C%2C%2C%2C%2C%2C%2CVideo%3A82640238%2C,"['Recovery-mode Recommendations', 'New on Netflix', 'Because you watched Dabba Cartel', 'Because you watched Ulajh', 'Top 10 Shows in India Today']",False,tt29764006,9.0,"6,404",2024–,N/A,N/A,Drama,N/A,"Snehal Kamath, Sivaji, Vasanthika","A nostalgic trip down memory lane, delving into the everyday life of a middle-class family.",N/A,https://m.media-amazon.com/images/M/MV5BMTI4N2Y3YmUtOTM2MS00OTAxLTljMjktMTVkNjBjNTM1ZDJiXkEyXkFqcGc@._V1_SX300.jpg,,1,series,9.0,6404
Arcane,81435684,https://occ-0-2087-2164.1.nflxso.net/dnm/api/v6/Qs00mKCpRvrkl3HZAN5KwEL1kpE/AAAABWPxI4_nduBoAEPqhLVEWuB_b5HULGR3cIS0VwqQzbZpBCi29AFCJkraDymSNLKFWzobHCjJomZNauNg4Co194L9ujU80OvOoAM.jpg?r=273,https://www.netflix.com/watch/81435684?tctx=13%2C24%2C%2C%2C%2C%2C%2C%2C%2CVideo%3A81435684%2C,['Emmy-Winning TV Shows'],False,tt11126994,9.0,"427,223",2021–2024,TV-14,N/A,"Animation, Action, Adventure",N/A,"Kevin Alejandro, Hailee Steinfeld, Ella Purnell","Amid the stark discord of twin cities Piltover and Zaun, two sisters fight on rival sides of a war between magic technologies and clashing convictions.",Won 8 Primetime Emmys. 40 wins & 12 nominations total,https://m.media-amazon.com/images/M/MV5BYjA2NzhlMDItNWRmZC00MzRjLWE3ZjAtZjBlZDAwOWY2ODdjXkEyXkFqcGc@._V1_SX300.jpg,,2,series,9.0,427223
Reply 1988,80188351,https://occ-0-2087-2164.1.nflxso.net/dnm/api/v6/Qs00mKCpRvrkl3HZAN5KwEL1kpE/AAAABdi8Z4ketMubytrRN3GykkSlKYx3A9WSNv-yKyeYxRM8kOabMdaR4zM-pEOg-dNWTUjauDPxFh_ggVqAZlcFBCPMgdN70yp9_NE.webp?r=b92,https://www.netflix.com/watch/80188351?tctx=3%2C31%2C%2C%2C%2C%2C%2C%2C%2CVideo%3A80188351%2C,['Recovery-mode Recommendations'],False,tt5182866,9.0,"17,807",2015–2016,N/A,25S min,"Comedy, Drama, Family",N/A,"Lee Hyeri, Park Bo-gum, Ryu Jun-yeol","Five childhood friends, who all live in the same Ssangmundong neighborhood of Seoul in 1988, lean on each other to survive their challenging teen years and set a path for their futures.",8 wins & 19 nominations total,https://m.media-amazon.com/images/M/MV5BZDBiNDE1NzUtYmU0OS00YmUxLTljODUtOTczNDE3ZGQ0MmYzXkEyXkFqcGc@._V1_SX300.jpg,,1,series,9.0,17807
ONE PIECE,80217863,https://occ-0-2087-2164.1.nflxso.net/dnm/api/v6/Qs00mKCpRvrkl3HZAN5KwEL1kpE/AAAABSKVhukzK7SFqFHFHpDTkA2IJ2secMhw6fW7VEOiI5qEtu62PvD-elEjCALOCzanQwPCZFuRurV-I2FDOaj5uDmu9yjPS31zj3E.jpg?r=22e,https://www.netflix.com/watch/80217863?tctx=15%2C22%2C%2C%2C%2C%2C%2C%2C%2CVideo%3A80217863%2C,"['Award-Winning TV Shows', 'Only on Netflix']",False,tt0388629,9.0,"331,084",1999–,TV-14,24 min,"Animation, Action, Adventure",N/A,"Mayumi Tanaka, Akemi Okamura, Tony Beck","Rubber-bodied dreamer Monkey D. Luffy gathers an eclectic pirate crew and braves the perilous Grand Line, battling tyrants and monsters to claim the legendary ""One Piece"" and become King of the Pirates.",7 wins & 15 nominations total,https://m.media-amazon.com/images/M/MV5BMTNjNGU4NTUtYmVjMy00YjRiLTkxMWUtNzZkMDNiYjZhNmViXkEyXkFqcGc@._V1_SX300.jpg,,1,series,9.0,331084
The Last Dance,80203144,https://occ-0-2087-2164.1.nflxso.net/dnm/api/v6/Qs00mKCpRvrkl3HZAN5KwEL1kpE/AAAABeKzVL6EKRM-CIq5AscO_ak-GgQf0Y7M3ihXcZ4tuHuDEuvtPy7_tK-PKV6__CbY6noZE8Q1ER7W80Yyvjweqt6rPqg2woNTDAI.jpg?r=b56,https://www.netflix.com/watch/80203144?tctx=13%2C32%2C%2C%2C%2C%2C%2C%2C%2CVideo%3A80203144%2C,['Emmy-Winning TV Shows'],False,tt8420184,9.0,"169,328",2020,TV-MA,491 min,"Documentary, Biography, History",N/A,"Michael Jordan, Phil Jackson, Scottie Pippen","Led by Michael Jordan, the 1990s Chicago Bulls establish themselves as one of the most notable dynasties in sports history.",Won 1 Primetime Emmy. 10 wins & 6 nominations total,https://m.media-amazon.com/images/M/MV5BOTQyYmQ1N2UtYjFkNS00NzgyLTk5YTUtYjExMDdjOTA3MGU2XkEyXkFqcGc@._V1_SX300.jpg,,1,series,9.0,169328
Kota Factory,81249783,https://occ-0-2087-2164.1.nflxso.net/dnm/api/v6/Qs00mKCpRvrkl3HZAN5KwEL1kpE/AAAABartnV7BMHx1D0NIFIGKsaDAvb36Gx-Hr5a3fCJuJv48JP5mzTBIcbtdR3EHcV8BihPTrhBokZjYk17FgzdMhWrX4huSm8k9fOI.jpg?r=905,https://www.netflix.com/watch/81249783?tctx=31%2C25%2C%2C%2C%2C%2C%2C%2C%2CVideo%3A81249783%2C,['Critically Acclaimed TV Dramas'],False,tt9432978,9.0,"86,711",2019–2021,TV-14,45 min,"Comedy, Drama",N/A,"Mayur More, Jitendra Kumar, Ranjan Raj","In a city of coaching centers known to train India’s finest collegiate minds, an earnest but unexceptional student and his friends navigate campus life.",13 wins & 25 nominations total,https://m.media-amazon.com/images/M/MV5BY2U5MjY1NWEtZDI2MS00NTlhLWEyODQtYzE0MzY3NDUyNzE3XkEyXkFqcGc@._V1_SX300.jpg,,3,series,9.0,86711
Seinfeld,70153373,https://occ-0-2087-2164.1.nflxso.net/dnm/api/v6/Qs00mKCpRvrkl3HZAN5KwEL1kpE/AAAABUKqUCSPLp2WnaArMehIM8HR1jQpHTKBmYk2KxmrAKUDx7xLmrG89ZLDLQBh0bk-XU2xA6R_qrcfzkOCjJcuTZj9GfQwlMj1t-g.webp?r=e86,https://www.netflix.com/watch/70153373?tctx=3%2C26%2C%2C%2C%2C%2C%2C%2C%2CVideo%3A70153373%2C,"['Recovery-mode Recommendations', 'Emmy-Winning TV Shows', 'Because you liked Gilmore Girls']",False,tt0098904,8.9,"379,773",1989–1998,TV-PG,22 min,Comedy,N/A,"Jerry Seinfeld, Julia Louis-Dreyfus, Michael Richards",The continuing misadventures of neurotic New York City stand-up comedian Jerry Seinfeld and his equally neurotic New York City friends.,Won 10 Primetime Emmys. 81 wins & 197 nominations total,https://m.media-amazon.com/images/M/MV5BMmRjNjZjN2ItN2FkYi00ZDg0LWExN2EtMTU2ODUwNWU1M2NhXkEyXkFqcGc@._V1_SX300.jpg,,9,series,8.9,379773
DEATH NOTE,70204970,https://occ-0-2087-2164.1.nflxso.net/dnm/api/v6/Qs00mKCpRvrkl3HZAN5KwEL1kpE/AAAABVwnnqcOb8KyjjKb1KCIAeB6zz3x_lmn07z7foJr1pyAVMZXWXqKDyiqirPOIdEzOHTVfGRBLJvzLHjyoBi8E5ApEU7wDLF120Y.webp?r=e04,https://www.netflix.com/watch/70204970?tctx=17%2C32%2C%2C%2C%2C%2C%2C%2C%2CVideo%3A70204970%2C,"['So Completely Captivating', 'Bingeworthy Suspenseful TV Shows', 'Horror TV Serials']",False,tt0877057,8.9,"447,036",2006–2007,TV-14,24 min,"Animation, Crime, Drama",N/A,"Mamoru Miyano, Brad Swaile, Vincent Tong",An intelligent high school student goes on a secret crusade to eliminate criminals from the world after discovering a notebook capable of killing anyone whose name is written into it.,2 wins & 1 nomination total,https://m.media-amazon.com/images/M/MV5BYTgyZDhmMTEtZDFhNi00MTc4LTg3NjUtYWJlNGE5Mzk2NzMxXkEyXkFqcGc@._V1_SX300.jpg,,1,series,8.9,447036
BoJack Horseman,70300800,https://occ-0-2087-2164.1.nflxso.net/dnm/api/v6/Qs00mKCpRvrkl3HZAN5KwEL1kpE/AAAABSPrpje4WvuIa5T4GOnxDvPOU4N850p5ctT0UHUMyMgnDWTp7QoA1CiAguCydVr3-Es8qHKi8JKyjYvT461g12WIddkEtxr91hE.jpg?r=0e4,https://www.netflix.com/watch/70300800?tctx=3%2C15%2C%2C%2C%2C%2C%2C%2C%2CVideo%3A70300800%2C,['Recovery-mode Recommendations'],False,tt3398228,8.8,"224,957",2014–2020,TV-MA,25 min,"Animation, Comedy, Drama",N/A,"Will Arnett, Amy Sedaris, Alison Brie","BoJack Horseman was the star of the hit television show ""Horsin' Around"" in the '80s and '90s, but now he's washed up, living in Hollywood, complaining about everything, and wearing colorful sweaters.",Nominated for 3 Primetime Emmys. 35 wins & 43 nominations total,https://m.media-amazon.com/images/M/MV5BZmMwMDlkNTEtMmQzZS00ODQ0LWJlZmItOTgwYWMwZGM4MzFiXkEyXkFqcGc@._V1_SX300.jpg,,6,series,8.8,224957
VINLAND SAGA,81249833,https://occ-0-2087-2164.1.nflxso.net/dnm/api/v6/Qs00mKCpRvrkl3HZAN5KwEL1kpE/AAAABY7H7m_ksWVac53e44eDDbVJW0t3MqM6Qy02aKoWNG2dI0_UzbmE9JRcvNQzpImAjhMSmV24gifLhv-Zl8lxkmY7X20Tb5W3rgE.webp?r=65d,https://www.netflix.com/watch/81249833?tctx=34%2C4%2C%2C%2C%2C%2C%2C%2C%2CVideo%3A81249833%2C,['Action TV'],False,tt10233448,8.8,"119,696",2019–2023,TV-MA,24 min,"Animation, Action, Adventure",N/A,"Shin'ya Takahashi, Yûto Uemura, Mike Haimoto","Following a tragedy, Thorfinn embarks on a journey with the man responsible for it to take his life in a duel as a true and honorable warrior to pay homage.",10 wins & 40 nominations total,https://m.media-amazon.com/images/M/MV5BNDA3MGNmZTEtMzFiMy00ZmViLThhNmQtMjQ4ZDc5MDEyN2U1XkEyXkFqcGc@._V1_SX300.jpg,,2,series,8.8,119696
When They See Us,80200549,https://occ-0-2087-2164.1.nflxso.net/dnm/api/v6/Qs00mKCpRvrkl3HZAN5KwEL1kpE/AAAABZqmfa0YUQS41BF0dHauH7JMBQe5GG1f0VDp8s_i49cYkfVkdrrc2wclKVjJ26OMooW-wAEdk-xmHFxetW8DcqYaQXb82C5NQ84.jpg?r=4ae,https://www.netflix.com/watch/80200549?tctx=13%2C37%2C%2C%2C%2C%2C%2C%2C%2CVideo%3A80200549%2C,"['Emmy-Winning TV Shows', 'Critically Acclaimed Crime TV Dramas']",False,tt7137906,8.8,"152,375",2019,TV-MA,296 min,"Biography, Crime, Drama",Ava DuVernay,"Asante Blackk, Caleel Harris, Ethan Herisse",Five teens from Harlem become trapped in a nightmare when they're falsely accused of a brutal attack in Central Park. Based on the true story.,Won 2 Primetime Emmys. 31 wins & 78 nominations total,https://m.media-amazon.com/images/M/MV5BMGU0MDIzZTAtYjBjZi00ZDQ1LThlYzctNWJkOWU4NTI5OWNkXkEyXkFqcGc@._V1_SX300.jpg,,1,series,8.8,152375
Dark,80100172,https://occ-0-2087-2164.1.nflxso.net/dnm/api/v6/Qs00mKCpRvrkl3HZAN5KwEL1kpE/AAAABcfyOQppF5SDQRdDQ6x6nncB3Cmg5qkY9ep6DVI22cTHo5M9BY5WoDXqXcRbHNxNm_HSZTG8mQVdYaavXfFngMNuW5FabeN7O3A.jpg?r=d31,https://www.netflix.com/watch/80100172?tctx=5%2C3%2C%2C%2C%2C%2C%2C%2C%2CVideo%3A80100172%2C,"['Sci-Fi TV', 'Award-Winning TV Shows']",False,tt5753856,8.7,"514,206",2017–2020,TV-MA,60 min,"Crime, Drama, Mystery",N/A,"Louis Hofmann, Karoline Eichhorn, Lisa Vicari","A family saga with a supernatural twist, set in a German town where the disappearance of two young children exposes the relationships among four families.",8 wins & 23 nominations total,https://m.media-amazon.com/images/M/MV5BOWJjMGViY2UtNTAzNS00ZGFjLWFkNTMtMDBiMDMyZTM1NTY3XkEyXkFqcGc@._V1_SX300.jpg,,3,series,8.7,514206
Crash Landing on You,81159258,https://occ-0-2087-2164.1.nflxso.net/dnm/api/v6/Qs00mKCpRvrkl3HZAN5KwEL1kpE/AAAABcCgFJ9mhW7zH77k5WC0-ginN54ZCdF8w8VnB6aBXtwi9LlrmUk4wiWtCyDXENAg9Z0Mt6ukLrPm9jUpK88xjqsTH-G_pNUvTds.jpg?r=cc9,https://www.netflix.com/watch/81159258?tctx=31%2C36%2C%2C%2C%2C%2C%2C%2C%2CVideo%3A81159258%2C,['Critically Acclaimed TV Dramas'],False,tt10850932,8.7,"50,933",2019–2020,TV-14,70 min,"Adventure, Comedy, Drama",N/A,"Hyun Bin, Son Ye-jin, Seo Ji-hye",The absolute top secret love story of a chaebol heiress who made an emergency landing in North Korea because of a paragliding accident and a North Korean special officer who falls in love with her and who is hiding and protecting ...,4 wins & 9 nominations total,https://m.media-amazon.com/images/M/MV5BZjM3ZGQ4ZTMtOTNjMS00NmJlLTljMWUtNWExMzJhMGJlMWNiXkEyXkFqcGc@._V1_SX300.jpg,,1,series,8.7,50933
Narcos,80025172,https://occ-0-2087-2164.1.nflxso.net/dnm/api/v6/Qs00mKCpRvrkl3HZAN5KwEL1kpE/AAAABQOoyM4gLd778JW0823UOhiv-LMQY1qMP_v8HrzA_wVi5pKk29SYYbw7bWtlZC829pHKBr8YYkHhIq5eszZ_23hUfq1PFpXdigM.jpg?r=9b3,https://www.netflix.com/watch/80025172?tctx=4%2C3%2C%2C%2C%2C%2C%2C%2C%2CVideo%3A80025172%2C,['Criminal Investigation TV Shows'],False,tt2707408,8.7,"509,724",2015–2017,TV-MA,49 min,"Biography, Crime, Drama",N/A,"Pedro Pascal, Wagner Moura, Boyd Holbrook","A chronicled look at the criminal exploits of Colombian drug lord Pablo Escobar, as well as the many other drug kingpins who plagued the country through the years.",Nominated for 3 Primetime Emmys. 8 wins & 20 nominations total,https://m.media-amazon.com/images/M/MV5BNzQwOTcwMzIwN15BMl5BanBnXkFtZTgwMjYxMTA0NjE@._V1_SX300.jpg,,3,series,8.7,509724
Black Mirror,70264888,https://occ-0-2087-2164.1.nflxso.net/dnm/api/v6/Qs00mKCpRvrkl3HZAN5KwEL1kpE/AAAABU5FlXyIgPK9-t0Z04x8GtZMiPOl3hdZn4MEQHM2VjxNwleMIYVmTVfADra8Jt-Fc0dmPcPeS5mTisbFzFxLhOKcjqpktxAi0iU.jpg?r=6a3,https://www.netflix.com/watch/70264888?tctx=5%2C8%2C%2C%2C%2C%2C%2C%2C%2CVideo%3A70264888%2C,"['Sci-Fi TV', 'In a Mood', 'Emmy-Winning TV Shows', 'Award-Winning TV Shows', 'TV Dramas', 'Only on Netflix', 'Critically Acclaimed TV Dramas']",False,tt2085059,8.7,"723,851",2011–,TV-MA,60 min,"Crime, Drama, Mystery",N/A,"Anjana Vasan, Paapa Essiedu, Cristin Milioti","Featuring stand-alone dramas -- sharp, suspenseful, satirical tales that explore techno-paranoia -- ""Black Mirror"" is a contemporary reworking of ""The Twilight Zone"" with stories that tap into the collective unease about the moder...",Won 6 Primetime Emmys. 48 wins & 173 nominations total,https://m.media-amazon.com/images/M/MV5BODcxMWI2NDMtYTc3NC00OTZjLWFmNmUtM2NmY2I1ODkxYzczXkEyXkFqcGc@._V1_SX300.jpg,,7,series,8.7,723851
Peaky Blinders,80002479,https://occ-0-2087-2164.1.nflxso.net/dnm/api/v6/Qs00mKCpRvrkl3HZAN5KwEL1kpE/AAAABVe2MSp-GTcCCYOw1F92joLX3ztp2lGXMsYwHjCKa37Zm4kNAdvcZSaIsh-Ykq9Ggfqa349mGIixcd-boJubRHpu-zoUH6yIvk8.jpg?r=a62,https://www.netflix.com/watch/80002479?tctx=15%2C2%2C%2C%2C%2C%2C%2C%2C%2CVideo%3A80002479%2C,['Award-Winning TV Shows'],False,tt2442560,8.7,"745,747",2013–2022,TV-MA,60 min,"Crime, Drama",N/A,"Cillian Murphy, Paul Anderson, Sophie Rundle","A gangster family epic set in 1900s England, centering on a gang who sew razor blades in the peaks of their caps, and their fierce boss Tommy Shelby.",Won 1 BAFTA Award25 wins & 56 nominations total,https://m.media-amazon.com/images/M/MV5BOGM0NGY3ZmItOGE2ZC00OWIxLTk0N2EtZWY4Yzg3ZDlhNGI3XkEyXkFqcGc@._V1_SX300.jpg,,6,series,8.7,745747
BLUE EYE SAMURAI,81144203,https://occ-0-2087-2164.1.nflxso.net/dnm/api/v6/Qs00mKCpRvrkl3HZAN5KwEL1kpE/AAAABZ2lnH5Xn4dmf7lqRx7AOTHvzOAx0c6tdUJKg3EuAR3CfEU0aAZaMexYALiRZ1KjRzcvljkRqWxUegoTm9IiPttX0nN0o5cJEy0.jpg?r=a7c,https://www.netflix.com/watch/81144203?tctx=13%2C30%2C%2C%2C%2C%2C%2C%2C%2CVideo%3A81144203%2C,['Emmy-Winning TV Shows'],False,tt13309742,8.7,"96,676",2023–,TV-MA,N/A,"Animation, Action, Adventure",N/A,"Maya Erskine, George Takei, Masi Oka","Driven by a dream of revenge against those who made her an outcast in Edo-period Japan, a young warrior cuts a bloody path toward her destiny.",Won 4 Primetime Emmys. 15 wins & 10 nominations total,https://m.media-amazon.com/images/M/MV5BY2E4ZGIwZWYtMGRiMS00NGI2LTgwYzAtZGY5NGVhNzY3Yjk0XkEyXkFqcGc@._V1_SX300.jpg,,1,series,8.7,96676
Dexter,70136126,https://occ-0-2087-2164.1.nflxso.net/dnm/api/v6/Qs00mKCpRvrkl3HZAN5KwEL1kpE/AAAABQ-5URg4em5lvVW-3yZxrH0s0k30_5DVtqtCOzVyxmoxsdqKOSsHIbnbyh-tAUbv1t2lQng-2IWgGEquPNNYmi-xX5dHNZJTo0w.webp?r=c40,https://www.netflix.com/watch/70136126?tctx=4%2C5%2C%2C%2C%2C%2C%2C%2C%2CVideo%3A70136126%2C,"['Criminal Investigation TV Shows', 'Emmy-Winning TV Shows', 'Award-Winning TV Shows', 'TV Dramas', 'Critically Acclaimed TV Dramas', 'Because you liked Gilmore Girls']",False,tt0773262,8.6,"901,213",2006–2013,TV-MA,53 min,"Crime, Drama, Mystery",N/A,"Michael C. Hall, Jennifer Carpenter, David Zayas","He's smart. He's lovable. He's Dexter Morgan, America's favorite serial killer, who spends his days solving crimes and his nights committing them.",Won 4 Primetime Emmys. 56 wins & 202 nominations total,https://m.media-amazon.com/images/M/MV5BMTQ3YmQ4YzMtOTkyZC00YmM5LThhZjEtM2E0MjFkNTc0OGJhXkEyXkFqcGc@._V1_SX300.jpg,,8,series,8.6,901213
MINDHUNTER,80114855,https://occ-0-2087-2164.1.nflxso.net/dnm/api/v6/Qs00mKCpRvrkl3HZAN5KwEL1kpE/AAAABX7GrTlmcgc7QdbZwj-scFxv1Q5HaCJe6MQlh3Ob55k-icKrvtoq4fzTwsGW0Q9dQlphMIKS_8xxr71_ZuizKHr3MnSsSzqN8b0.jpg?r=4aa,https://www.netflix.com/watch/80114855?tctx=4%2C7%2C%2C%2C%2C%2C%2C%2C%2CVideo%3A80114855%2C,"['Criminal Investigation TV Shows', 'So Completely Captivating', 'TV Dramas']",False,tt5290382,8.6,"381,330",2017–2019,TV-MA,60 min,"Crime, Drama, Mystery",N/A,"Jonathan Groff, Holt McCallany, Anna Torv","In the late 1970s, two FBI agents broaden the realm of criminal science by investigating the psychology behind murder and end up getting too close to real-life monsters.",Nominated for 2 Primetime Emmys. 5 wins & 34 nominations total,https://m.media-amazon.com/images/M/MV5BYTk4NDA4MGMtNjliOC00MjExLWI1YzctOTc4NWIxM2I1YjM5XkEyXkFqcGc@._V1_SX300.jpg,,2,series,8.6,381330
Yellowstone,80238738,https://occ-0-2087-2164.1.nflxso.net/dnm/api/v6/Qs00mKCpRvrkl3HZAN5KwEL1kpE/AAAABY95yLjET8m1gcJ-snwFWdHKRUf-az2lpuYTeshHmjNEc5RfsEgooSO1X3QzPFWLHmY4X1yoER-4OFE6MZNnTrOwb4sFXlJn0nA.webp?r=cc9,https://www.netflix.com/watch/80238738?tctx=15%2C1%2C%2C%2C%2C%2C%2C%2C%2CVideo%3A80238738%2C,['Award-Winning TV Shows'],False,tt4236770,8.6,"297,562",2018–2024,TV-MA,60 min,"Drama, Western",N/A,"Kevin Costner, Luke Grimes, Kelly Reilly",A ranching family in Montana faces off against others encroaching on their land.,Nominated for 1 Primetime Emmy. 9 wins & 46 nominations total,https://m.media-amazon.com/images/M/MV5BZTYxYTdjZjEtNTc0My00NDU2LTkwZmQtNjhhNmJiMzQ3Zjc1XkEyXkFqcGc@._V1_SX300.jpg,,5,series,8.6,297562
House of Cards,70178217,https://occ-0-2087-2164.1.nflxso.net/dnm/api/v6/Qs00mKCpRvrkl3HZAN5KwEL1kpE/AAAABf02G-lHjo_hd4iznEM59d7vkhoKoOZsDwx0DQpfOz7SnBrldXr9BfBU3rlZkZ4PNtqvN7kxBtZpYcGrD6sQVsSmFiSc5uEFOcI.jpg?r=abd,https://www.netflix.com/watch/70178217?tctx=7%2C5%2C%2C%2C%2C%2C%2C%2C%2CVideo%3A70178217%2C,"['In a Mood', 'Acclaimed Writers', 'Award-Winning TV Shows']",False,tt1856010,8.6,"555,068",2013–2018,TV-MA,51 min,"Drama, Thriller",N/A,"Kevin Spacey, Michel Gill, Robin Wright",A Congressman works with his equally conniving wife to exact revenge on the people who betrayed him.,Won 7 Primetime Emmys. 35 wins & 220 nominations total,https://m.media-amazon.com/images/M/MV5BMTQ4MDczNDYwNV5BMl5BanBnXkFtZTcwNjMwMDk5OA@@._V1_SX300.jpg,,6,series,8.6,555068
Love on the Spectrum,81338328,https://occ-0-2087-2164.1.nflxso.net/dnm/api/v6/Qs00mKCpRvrkl3HZAN5KwEL1kpE/AAAABd5zlEyDevxDUnEDvEDYhKM-0XEiQp37vgGEUu9BJB5BWbe89neusgu7b0lKgmbvf_HNetEB1WY-IL8y_VNRcNJYtnkNhzGViC4.jpg?r=30c,https://www.netflix.com/watch/81338328?tctx=13%2C38%2C%2C%2C%2C%2C%2C%2C%2CVideo%3A81338328%2C,['Emmy-Winning TV Shows'],False,tt11904786,8.6,"7,903",2019–2021,TV-14,N/A,"Documentary, Reality-TV, Romance",N/A,"Brooke Satchwell, Michael Theo, Mark Radburn","A documentary series following young adults on the autism spectrum as they explore the unpredictable world of love, dating and relationships.",4 wins & 4 nominations total,https://m.media-amazon.com/images/M/MV5BMmYwMjE1NDgtMzI2NC00YjU1LWE5OGEtNTIwYWUxZmY4NTEyXkEyXkFqcGc@._V1_SX300.jpg,,2,series,8.6,7903
The Crown,80025678,https://occ-0-2087-2164.1.nflxso.net/dnm/api/v6/Qs00mKCpRvrkl3HZAN5KwEL1kpE/AAAABRmt9RBsYyAnfKKUN7bgzViwDiZpTsM7jc7XdRwBgvh4lnsAJ01qvgmwoF1S2Gj1_essGL1mLPPPlFbViGllvvE7Kj7YVm2de1I.jpg?r=24a,https://www.netflix.com/watch/80025678?tctx=11%2C10%2C%2C%2C%2C%2C%2C%2C%2CVideo%3A80025678%2C,"['Acclaimed Writers', 'Emmy-Winning TV Shows', 'Award-Winning TV Shows']",False,tt4786824,8.6,"275,971",2016–2023,TV-MA,58 min,"Biography, Drama, History",N/A,"Claire Foy, Olivia Colman, Imelda Staunton",Follows the political rivalries and romances of Queen Elizabeth II's reign and the events that shaped Britain for the second half of the 20th century.,Won 24 Primetime Emmys. 158 wins & 428 nominations total,https://m.media-amazon.com/images/M/MV5BODcyODZlZDMtZGE0Ni00NjBhLWJlYTAtZDdlNWY3MzkwMGVhXkEyXkFqcGc@._V1_SX300.jpg,,6,series,8.6,275971
Archer,70171942,https://occ-0-2087-2164.1.nflxso.net/dnm/api/v6/Qs00mKCpRvrkl3HZAN5KwEL1kpE/AAAABQz9y47jWGgQh-CP5WetDxw6i5kNGL7KoTSGk3XkEFuj-OjDmf4clIaAisHEo1NC-pkcKDs0FW0sHtU05nYSmltTN-yRfCdB4RI.webp?r=4bb,https://www.netflix.com/watch/70171942?tctx=13%2C36%2C%2C%2C%2C%2C%2C%2C%2CVideo%3A70171942%2C,"['Emmy-Winning TV Shows', 'Spies and Secret Agents']",False,tt1486217,8.6,"173,905",2009–2023,TV-MA,22 min,"Animation, Action, Comedy",N/A,"H. Jon Benjamin, Judy Greer, Amber Nash",Covert black ops and espionage take a back seat to zany personalities and relationships between secret agents and drones.,Won 3 Primetime Emmys. 15 wins & 81 nominations total,https://m.media-amazon.com/images/M/MV5BMTg3NTMwMzY2OF5BMl5BanBnXkFtZTgwMDcxMjQ0NDE@._V1_SX300.jpg,,14,series,8.6,173905
Stranger Things,80057281,https://occ-0-2087-2164.1.nflxso.net/dnm/api/v6/Qs00mKCpRvrkl3HZAN5KwEL1kpE/AAAABXstJ8wCG8G8dWTyhkccH5xeq8ozwd-Sv2couE1mTQVsm4wsciMud_oSw_MOAcl2Wxt-Rd5JpdanlqwM2fSrE4GTK2jaCbMWRVNS4KGygjeTgg6y-SEMAdVhsdxaGIsstRiTg0-Bub9Bp9qie0VUEyCknUnGj-SDJ_gAeUnihGhqfB0lHClqznzsc-qgwj65CnwBS-dJQNfMSrJrtVqR0P_o-aOEpIaLRCk.jpg?r=c97,https://www.netflix.com/watch/80057281?tctx=2%2C0%2C%2C%2C%2C%2C%2C%2C%2CVideo%3A80057281%2C,"['Now Leaving Hawkins, Indiana', 'New on Netflix', 'Top 10 Shows in India Today']",False,tt4574334,8.6,"1,566,461",2016–2025,TV-MA,51 min,"Drama, Fantasy, Horror",N/A,"Millie Bobby Brown, Finn Wolfhard, Winona Ryder","In 1980s Indiana, a group of young friends witness supernatural forces and secret government exploits. As they search for answers, the children unravel a series of extraordinary mysteries.",Won 12 Primetime Emmys. 118 wins & 320 nominations total,https://m.media-amazon.com/images/M/MV5BNjRiMTA4NWUtNmE0ZC00NGM0LWJhMDUtZWIzMDM5ZDIzNTg3XkEyXkFqcGc@._V1_SX300.jpg,,5,series,8.6,1566461
Demon Slayer: Kimetsu no Yaiba,81091393,https://occ-0-2087-2164.1.nflxso.net/dnm/api/v6/Qs00mKCpRvrkl3HZAN5KwEL1kpE/AAAABZ9z564aNqGABLdIsRr4IJmg13LVA536FKqwxZyOCm5SylT6PWbb2J3r76Jn1KbpESbndWpAsbKTDuINoMemaIAU95lXDWs79H4.webp?r=bb6,https://www.netflix.com/watch/81091393?tctx=34%2C38%2C%2C%2C%2C%2C%2C%2C%2CVideo%3A81091393%2C,['Action TV'],False,tt9335498,8.6,"213,899",2019–2024,TV-MA,25 min,"Animation, Action, Adventure",N/A,"Natsuki Hanae, Zach Aguilar, Abby Trott","A family is attacked by demons and only two members survive - Tanjiro and his sister Nezuko, who is turning into a demon slowly. Tanjiro sets out to become a demon slayer to avenge his family and cure his sister.",29 wins & 55 nominations total,https://m.media-amazon.com/images/M/MV5BMWU1OGEwNmQtNGM3MS00YTYyLThmYmMtN2FjYzQzNzNmNTE0XkEyXkFqcGc@._V1_SX300.jpg,,4,series,8.6,213899
Anne with an E,80136311,https://occ-0-2087-2164.1.nflxso.net/dnm/api/v6/Qs00mKCpRvrkl3HZAN5KwEL1kpE/AAAABYrqTV8jU9B9yDpLDj2I_dbulz5mXqx57RkUB7wD5VpYMvtH8JSonwoWhk3xPN-Ss290IsQNhohSpiHp7ukwX43G0WoAJeSRGTs.jpg?r=012,https://www.netflix.com/watch/80136311?tctx=33%2C17%2C%2C%2C%2C%2C%2C%2C%2CVideo%3A80136311%2C,['Because you liked Gilmore Girls'],False,tt5421602,8.6,"76,600",2017–2019,TV-PG,1 min,"Drama, Family",N/A,"Amybeth McNulty, Geraldine James, R.H. Thomson","The adventures of a young orphan girl living in the late 19th century. Follow Anne as she learns to navigate her new life on Prince Edward Island, in this new take on L.M. Montgomery's classic novels.",24 wins & 54 nominations total,https://m.media-amazon.com/images/M/MV5BZWUzZGM1OTYtMWUyNS00NTBmLTg1YTMtOTllMWFmYjk2NGU2XkEyXkFqcGc@._V1_SX300.jpg,,3,series,8.6,76600
One-Punch Man,80117291,https://occ-0-2087-2164.1.nflxso.net/dnm/api/v6/Qs00mKCpRvrkl3HZAN5KwEL1kpE/AAAABbzd1POLBR8YC8B1fvI2hFxMVAT7MQjBy68298lNSUzwZVa8fO2mZeV49zn_1Z_P-WEEKiGFKf0gKHlQT2fQ7xKgPI4Bs5O7c7XGb5nfbKdok5YQujbqdVjTGaUrE9PABKPq3qoXZlRrJUOgq1LkHGmEQt1DwhvpctI-NtvcgOk-X5vHWOdE6odqLZpCMLAepLh7OGzNhCN2CYxfgZ89so6gsYaKth7af6u-B-NbPiSKrFEcPBzRQUwK_PZhVeApFgYmm5jF_oru1Yz8ggelBK-RGGkxJeWgMXdvSahifcUG-4EhDZRQlNn4aaGJ.webp?r=1ad,https://www.netflix.com/watch/80117291?tctx=22%2C25%2C%2C%2C%2C%2C%2C%2C%2CVideo%3A80117291%2C,"['Exciting TV Shows', 'Action TV']",False,tt4508902,8.6,"218,889",2015–,TV-PG,24 min,"Animation, Action, Comedy",N/A,"Makoto Furukawa, Kaito Ishikawa, Max Mittelman","The story of Saitama, a hero that does it just for fun &amp; can defeat his enemies with a single punch.",3 wins & 9 nominations total,https://m.media-amazon.com/images/M/MV5BNzMwOGQ5MWItNzE3My00ZDYyLTk4NzAtZWIyYWI0NTZhYzY0XkEyXkFqcGc@._V1_SX300.jpg,,3,series,8.6,218889
Extraordinary Attorney Woo,81518991,https://occ-0-2087-2164.1.nflxso.net/dnm/api/v6/Qs00mKCpRvrkl3HZAN5KwEL1kpE/AAAABSzqi5kWLoefztFw8T6oCuYzVxu79hgMnQ07Xw1mJEOeZMUD2KiVH4dSQqiFDqeSwftFkPyIWOXqphoJx7icOJhvRHC8G158LmU.jpg?r=ba8,https://www.netflix.com/watch/81518991?tctx=8%2C28%2C%2C%2C%2C%2C%2C%2C%2CVideo%3A81518991%2C,"['Capricorns Activate Boss Mode', 'Critically Acclaimed TV Dramas']",False,tt20869502,8.6,"33,827",2022,TV-14,1 min,Drama,N/A,"Park Eun-bin, Kang Tae-oh, Kang Ki-young","Follows the brilliant attorney Woo Young-woo, who tackles challenges in and out of the courtroom as a rookie at a prominent law firm and a woman on the autism spectrum.",4 wins & 4 nominations total,https://m.media-amazon.com/images/M/MV5BMGM4ZjU4ZWItZWNmYy00ZDZhLThjY2EtMDEyOTk0NjI3YzJiXkEyXkFqcGc@._V1_SX300.jpg,,1,series,8.6,33827
The Queen's Gambit,80234304,https://occ-0-2087-2164.1.nflxso.net/dnm/api/v6/Qs00mKCpRvrkl3HZAN5KwEL1kpE/AAAABeHLov_4xEk8p6Zi-xAOd9pvqjPcuGFAUz5bE453rnYIreYkYMrNeZIt3uuvv9HQOqliB_Wvn5NTAUQcgMUWMdUk5DaA3v68plo.jpg?r=38a,https://www.netflix.com/watch/80234304?tctx=13%2C11%2C%2C%2C%2C%2C%2C%2C%2CVideo%3A80234304%2C,"['Emmy-Winning TV Shows', 'Award-Winning TV Shows', 'Critically Acclaimed TV Dramas', 'US TV Shows Dubbed in Hindi']",False,tt10048342,8.5,"644,459",2020,TV-MA,395 min,Drama,N/A,"Anya Taylor-Joy, Chloe Pirrie, Bill Camp","Orphaned at the tender age of nine, prodigious introvert Beth Harmon discovers and masters the game of chess in 1960s USA. But child stardom comes at a price.",Won 11 Primetime Emmys. 56 wins & 44 nominations total,https://m.media-amazon.com/images/M/MV5BMmRlNjQxNWQtMjk1OS00N2QxLTk0YWQtMzRhYjY5YTFhNjMxXkEyXkFqcGc@._V1_SX300.jpg,,1,series,8.5,644459
The Last Kingdom,80074249,https://occ-0-2087-2164.1.nflxso.net/dnm/api/v6/Qs00mKCpRvrkl3HZAN5KwEL1kpE/AAAABfAgVfITKryTzRHlknHvH_QjUdJUuJPCsQk47dCDcYgEHpHtNwdAr6b4btMekM8nmKR6AB5WPZOfhKumUHZVcd2X24hw4le66ps.jpg?r=d0f,https://www.netflix.com/watch/80074249?tctx=18%2C2%2C%2C%2C%2C%2C%2C%2C%2CVideo%3A80074249%2C,['TV Dramas'],False,tt4179452,8.5,"184,529",2015–2022,TV-MA,60 min,"Action, Drama, History",N/A,"Alexander Dreymon, Eliza Butterworth, Arnas Fedaravicius","As Alfred the Great defends his kingdom from Norse invaders, Uhtred--born a Saxon but raised by Vikings--seeks to claim his ancestral birthright.",6 nominations total,https://m.media-amazon.com/images/M/MV5BMjE1MzYzNjk3OF5BMl5BanBnXkFtZTgwMzk0MzYwNzE@._V1_SX300.jpg,,5,series,8.5,184529
Making a Murderer,80000770,https://occ-0-2087-2164.1.nflxso.net/dnm/api/v6/Qs00mKCpRvrkl3HZAN5KwEL1kpE/AAAABRPG8jKJl9s7pb-zHzwLrsefBbRXTvigexbp5tO6AXhy71JG4_Ktfdlm_0xqvAa8uhB6vN0DCdU-bHziumY-hmuymTpWXsq5sWY.jpg?r=736,https://www.netflix.com/watch/80000770?tctx=13%2C27%2C%2C%2C%2C%2C%2C%2C%2CVideo%3A80000770%2C,['Emmy-Winning TV Shows'],False,tt5189670,8.5,"106,849",2015–2018,TV-14,60 min,"Documentary, Crime",N/A,"Steven Avery, Dolores Avery, Laura Nirider","Filmed over a 10-year period, Steven Avery, a DNA exoneree who, while in the midst of exposing corruption in local law enforcement, finds himself the prime suspect in a grisly new crime.",Won 4 Primetime Emmys. 15 wins & 13 nominations total,https://m.media-amazon.com/images/M/MV5BMTg4Mjc1NjE4Ml5BMl5BanBnXkFtZTgwMjk2NjA1NjM@._V1_SX300.jpg,,2,series,8.5,106849
The Haunting of Hill House,80189221,https://occ-0-2087-2164.1.nflxso.net/dnm/api/v6/Qs00mKCpRvrkl3HZAN5KwEL1kpE/AAAABUnbFeD4qKXfUrZF-mzbvNa3O5NmU_YCXGvsazJA5mJLLt3lwtHCAQaTmVaNDKE8nw80lwYSgp1rb5lqOO01OItwprKunqZHJME.jpg?r=733,https://www.netflix.com/watch/80189221?tctx=17%2C5%2C%2C%2C%2C%2C%2C%2C%2CVideo%3A80189221%2C,"['So Completely Captivating', 'TV Dramas', 'Horror TV Serials', 'Critically Acclaimed TV Dramas']",False,tt6763664,8.5,"320,130",2018,TV-MA,572 min,"Drama, Horror, Mystery",N/A,"Michiel Huisman, Carla Gugino, Henry Thomas","Flashing between past and present, a fractured family confronts haunting memories of their old home and the terrifying events that drove them from it.",9 wins & 36 nominations total,https://m.media-amazon.com/images/M/MV5BMTU4NzA4MDEwNF5BMl5BanBnXkFtZTgwMTQxODYzNjM@._V1_SX300.jpg,,1,series,8.5,320130
Django Unchained,70230640,https://occ-0-2087-2164.1.nflxso.net/dnm/api/v6/Qs00mKCpRvrkl3HZAN5KwEL1kpE/AAAABVU1W1KbBRWKagEdIuHgts0gtjfoDDJQwNsXJUI8Iqk8wcjD-0GKj9KNkTRBD8sdlBoDYBR_5eOBKMV9LZWx1YhJGfRPvl0ZyZQ.webp?r=29f,https://www.netflix.com/watch/70230640?tctx=7%2C36%2C%2C%2C%2C%2C%2C%2C%2CVideo%3A70230640%2C,"['In a Mood', 'Acclaimed Writers', 'Award Winning Drama Movies', 'Award-Winning Films']",False,tt1853728,8.5,"1,850,031",2012,R,165 min,"Drama, Western",Quentin Tarantino,"Jamie Foxx, Christoph Waltz, Leonardo DiCaprio","With the help of a German bounty-hunter, a freed slave sets out to rescue his wife from a brutal plantation owner in Mississippi.",Won 2 Oscars. 58 wins & 158 nominations total,https://m.media-amazon.com/images/M/MV5BMjIyNTQ5NjQ1OV5BMl5BanBnXkFtZTcwODg1MDU4OA@@._V1_SX300.jpg,,,movie,8.5,1850031
Pantheon,81937398,https://occ-0-2087-2164.1.nflxso.net/dnm/api/v6/Qs00mKCpRvrkl3HZAN5KwEL1kpE/AAAABYicpuy19KT9Ax1F4pyDGxKcof3_fK49wHwolnL21xoULjBnKrFCHro4pEFnbvFf0U3tBSsCskEWsmA47KtvgqIsvfO77iJIX68.webp?r=c61,https://www.netflix.com/watch/81937398?tctx=5%2C17%2C%2C%2C%2C%2C%2C%2C%2CVideo%3A81937398%2C,"['Sci-Fi TV', 'Exciting TV Shows']",False,tt11680642,8.5,"18,762",2022–2023,TV-14,N/A,"Animation, Action, Adventure",N/A,"Katie Chang, Paul Dano, Aaron Eckhart","A young woman starts to get messages from an unknown number that claims to be her deceased father. Trying to uncover the truth, she stumbles upon a larger conspiracy involving the singularity.",N/A,https://m.media-amazon.com/images/M/MV5BNGM2NjRjMzAtZjY5Ni00MWVkLWJlMTQtMWVmOWE1N2M2ZWM0XkEyXkFqcGc@._V1_SX300.jpg,,2,series,8.5,18762
Sacred Games,80115328,https://occ-0-2087-2164.1.nflxso.net/dnm/api/v6/Qs00mKCpRvrkl3HZAN5KwEL1kpE/AAAABYNCS3oGHkjzkYIkIDffDCfiFOXFakpvKO1a64psstl6Cii6WJwPU_LFg1Q1yMYp_8BTM3hAdYyFhwxmvSSgaPss9sqJbuhuNDQ.jpg?r=6cb,https://www.netflix.com/watch/80115328?tctx=7%2C25%2C%2C%2C%2C%2C%2C%2C%2CVideo%3A80115328%2C,"['In a Mood', 'Acclaimed Writers', 'Award-Winning TV Shows', 'So Completely Captivating', 'TV Dramas', 'Only on Netflix', 'Critically Acclaimed Crime TV Dramas']",False,tt6077448,8.5,"94,986",2018–2019,TV-MA,1 min,"Action, Crime, Drama",N/A,"Saif Ali Khan, Nawazuddin Siddiqui, Neeraj Kabi","A link in their pasts leads an honest cop to a fugitive gang boss, whose cryptic warning spurs the officer on a quest to save Mumbai from cataclysm.",15 wins & 17 nominations total,https://m.media-amazon.com/images/M/MV5BN2EyODc1MDAtNTg0ZC00MjRhLTg1NzctM2NjYTlmOGMwYWNiXkEyXkFqcGc@._V1_SX300.jpg,,2,series,8.5,94986
Vikings,70301870,https://occ-0-2087-2164.1.nflxso.net/dnm/api/v6/Qs00mKCpRvrkl3HZAN5KwEL1kpE/AAAABS41MLHoTwjqoIaReWzyaRXJ3PQFs4jEsCejEUiE8N0-HIzKC-dISZN1VFI0iRE9jidgEqfaoLg6pPwc5pJqOrA2gwwlmTii1O4.webp?r=85f,https://www.netflix.com/watch/70301870?tctx=15%2C5%2C%2C%2C%2C%2C%2C%2C%2CVideo%3A70301870%2C,['Award-Winning TV Shows'],False,tt2306299,8.5,"629,346",2013–2020,TV-MA,44 min,"Action, Adventure, Drama",N/A,"Katheryn Winnick, Gustaf Skarsgård, Alexander Ludwig","Vikings transports us to the brutal and mysterious world of Ragnar Lothbrok, a Viking warrior and farmer who yearns to explore--and raid--the distant shores across the ocean.",Won 1 Primetime Emmy. 46 wins & 133 nominations total,https://m.media-amazon.com/images/M/MV5BOTFmZmExYTEtYmE0Mi00MzRmLWE4ZDYtOThiNzNlOTIyODljXkEyXkFqcGc@._V1_SX300.jpg,,6,series,8.5,629346
Kaantha,81920590,https://occ-0-2087-2164.1.nflxso.net/dnm/api/v6/Qs00mKCpRvrkl3HZAN5KwEL1kpE/AAAABf_ovwERqOd9T23UhLc3WwxfLNkoHAzK896UkK3Tp8n9ZemrhRfNolH5H5Ns5JPTCwbU-VAWr1zcJWeamhOHGrEoyjdEpCtZn2Y.webp?r=4fc,https://www.netflix.com/watch/81920590?tctx=10%2C64%2C%2C%2C%2C%2C%2C%2C%2CVideo%3A81920590%2C,"['New on Netflix', 'Thrillers & Horror Movies', 'Because you watched Dabba Cartel', 'Because you watched Ulajh']",False,tt28508934,8.5,"5,931",2025,N/A,150 min,"Biography, Drama, Horror",Selvamani Selvaraj,"Bhagyashri Borse, Dulquer Salmaan, Rana Daggubati","In 1950s Madras, lives intertwine against a backdrop of social transformation during India's post-independence era.",N/A,https://m.media-amazon.com/images/M/MV5BMjFjNDU4NjctMTUyOS00N2VlLTgwODctODlhZmQwMWUxMmUzXkEyXkFqcGc@._V1_SX300.jpg,,,movie,8.5,5931
JoJo's Bizarre Adventure,80179831,https://occ-0-2087-2164.1.nflxso.net/dnm/api/v6/Qs00mKCpRvrkl3HZAN5KwEL1kpE/AAAABdmAwb0Hzrz2Y3E1FZ4pzVFmUSEW4r3x39eZoleVApBTYKRu8ZYIv6on00jxF3zOpSYp1Fbwwn3O9aE-bv0UvpfvaK2RP3y6woE.jpg?r=c0f,https://www.netflix.com/watch/80179831?tctx=22%2C13%2C%2C%2C%2C%2C%2C%2C%2CVideo%3A80179831%2C,"['Exciting TV Shows', 'Only on Netflix', 'Action TV']",False,tt2359704,8.5,"47,556",2012–,TV-14,30 min,"Animation, Action, Adventure",N/A,"David Vincent, Matthew Mercer, Daisuke Ono","The story of the Joestar family, who are possessed with intense psychic strength, and the adventures each member encounters throughout their lives.",3 wins & 23 nominations total,https://m.media-amazon.com/images/M/MV5BMzIyNzY4NTMtNmVhYS00OWFhLTkwMWMtOGFkNTdmNWU2ZDdiXkEyXkFqcGc@._V1_SX300.jpg,,6,series,8.5,47556
Back to the Future,60010110,https://occ-0-2087-2164.1.nflxso.net/dnm/api/v6/Qs00mKCpRvrkl3HZAN5KwEL1kpE/AAAABa6WjpXDfFrJJxZQ2yM3w2o6ygmA0TeiGJFmFr-lqMCi-cRGPQDXVs24XDQlqbw2kKg91l3n-r3MfkVZv_T96BV0vjot7B0U3-w.webp?r=929,https://www.netflix.com/watch/60010110?tctx=28%2C20%2C%2C%2C%2C%2C%2C%2C%2CVideo%3A60010110%2C,['Epic Worlds'],False,tt0088763,8.5,"1,428,805",1985,PG,116 min,"Adventure, Comedy, Sci-Fi",Robert Zemeckis,"Michael J. Fox, Christopher Lloyd, Lea Thompson","Marty McFly, a 17-year-old high school student, is accidentally sent 30 years into the past in a time-traveling DeLorean invented by his close friend, the maverick scientist Doc Brown.",Won 1 Oscar. 27 wins & 25 nominations total,https://m.media-amazon.com/images/M/MV5BZmM3ZjE0NzctNjBiOC00MDZmLTgzMTUtNGVlOWFlOTNiZDJiXkEyXkFqcGc@._V1_SX300.jpg,,,movie,8.5,1428805
Schitt's Creek,80036165,https://occ-0-2087-2164.1.nflxso.net/dnm/api/v6/Qs00mKCpRvrkl3HZAN5KwEL1kpE/AAAABd8dthDLe4BEleuvW9i6Wl3ZyhnrGPUz3FgTPEb0HCCnQHPKn4CAt2iarvPQo19DDl6fC8Bo8DUfZ8sgL0VOi0xyDK8k-rUZA8k.webp?r=6f5,https://www.netflix.com/watch/80036165?tctx=3%2C9%2C%2C%2C%2C%2C%2C%2C%2CVideo%3A80036165%2C,"['Recovery-mode Recommendations', 'Emmy-Winning TV Shows']",False,tt3526078,8.5,"167,892",2015–2020,TV-14,22 min,Comedy,N/A,"Eugene Levy, Catherine O'Hara, Dan Levy","After being a victim of fraud, Johnny Rose and his family go from extremely wealthy to penniless overnight. The only asset left to them is a small, unsophisticated town: Schitt's Creek. They relocate there. Culture shock ensues.",Won 9 Primetime Emmys. 112 wins & 153 nominations total,https://m.media-amazon.com/images/M/MV5BODk2Nzg4OWYtODczMy00NWRkLTg5ODQtZTU1ZGRhMzRhZGZhXkEyXkFqcGc@._V1_SX300.jpg,,6,series,8.5,167892
Delhi Crime,81076756,https://occ-0-2087-2164.1.nflxso.net/dnm/api/v6/Qs00mKCpRvrkl3HZAN5KwEL1kpE/AAAABXqcxM_TpG6S7aHTFXvZpRrgdJy2frsBLR016N8f13ZIbD-ocYAyYrQhy9J32rRJllQMZzdWhBBsYxHG-z2yWKnEEDD2MgnDO-c.jpg?r=068,https://www.netflix.com/watch/81076756?tctx=1%2C10%2C%2C%2C%2C%2C%2C%2C%2CVideo%3A81076756%2C,"['Continue Watching for parab.aryan', 'New on Netflix', 'Critically Acclaimed Crime TV Dramas', 'Critically Acclaimed TV Dramas']",False,tt9398466,8.5,"27,723",2019–,TV-MA,50 min,"Crime, Drama",N/A,"Shefali Shah, Rajesh Tailang, Rasika Dugal","Based on the Nirbhaya case, Delhi Crime follows the Delhi Police investigation into the finding of the men who perpetrated this crime.",26 wins & 34 nominations total,https://m.media-amazon.com/images/M/MV5BZDljNWNkNWItNjI0My00M2ViLThkODctYmMwMDRjYTExN2VhXkEyXkFqcGc@._V1_SX300.jpg,,3,series,8.5,27723
Jujutsu Kaisen,81278456,https://occ-0-2087-2164.1.nflxso.net/dnm/api/v6/Qs00mKCpRvrkl3HZAN5KwEL1kpE/AAAABauNd3TCNobi-Ol0cul8X4Lt9I504H3fVaHeMjI8TNkkjORjQ0ovBNKOJOotDmH6wb0SWRtQmEfz_y6Xa37vIjtwnqMqW2bYjdY.webp?r=33c,https://www.netflix.com/watch/81278456?tctx=34%2C39%2C%2C%2C%2C%2C%2C%2C%2CVideo%3A81278456%2C,['Action TV'],False,tt12343534,8.5,"171,858",2020–,TV-MA,24 min,"Animation, Action, Adventure",N/A,"Adam McArthur, Jun'ya Enoki, Yuma Uchida",A boy swallows a cursed talisman - the finger of a demon - and becomes cursed himself. He enters a shaman's school to be able to locate the demon's other body parts and thus exorcise himself.,32 wins & 43 nominations total,https://m.media-amazon.com/images/M/MV5BMjBlNTExMDAtMWZjZi00MDc5LWFkMjgtZDU0ZWQ5ODk3YWY5XkEyXkFqcGc@._V1_SX300.jpg,,3,series,8.5,171858
Derry Girls,80238565,https://occ-0-2087-2164.1.nflxso.net/dnm/api/v6/Qs00mKCpRvrkl3HZAN5KwEL1kpE/AAAABVJjVmhDzSaLEJ6e5hOVyo7xSfrpaAykBoOZd0RtMV2zX8r5bsN7YjG622kQVrebutzNWw3JdeHT09HbWh4o84yviij1uENq9G8.jpg?r=83d,https://www.netflix.com/watch/80238565?tctx=3%2C30%2C%2C%2C%2C%2C%2C%2C%2CVideo%3A80238565%2C,"['Recovery-mode Recommendations', 'Because you liked Gilmore Girls']",False,tt7120662,8.5,"72,734",2018–2022,TV-MA,30 min,Comedy,N/A,"Saoirse-Monica Jackson, Louisa Harland, Tara Lynne O'Neill",The personal exploits of a 16-year-old girl and her family and friends during the Troubles in the early 1990s in Northern Ireland.,Won 3 BAFTA 20 wins & 18 nominations total,https://m.media-amazon.com/images/M/MV5BZjVhN2FhMzctZDlkMS00NTY3LWEyZmEtOTE5NDlkN2JkNDE3XkEyXkFqcGc@._V1_SX300.jpg,,3,series,8.5,72734
Formula 1: Drive to Survive,80204890,https://occ-0-2087-2164.1.nflxso.net/dnm/api/v6/Qs00mKCpRvrkl3HZAN5KwEL1kpE/AAAABdT7p5P_3r4R-wSI3nWZLfUBGUhKpDow1_L5azKL8o6tCnIZs4cZAg957OqaIPBBq7thOtCdiphrHIo40bDlcNySBHMC_vL2a1Q.jpg?r=507,https://www.netflix.com/watch/80204890?tctx=22%2C31%2C%2C%2C%2C%2C%2C%2C%2CVideo%3A80204890%2C,['Exciting TV Shows'],False,tt8289930,8.5,"58,191",2019–,TV-MA,1 min,"Documentary, Sport",N/A,"McLaren Formula 1 Team, Scuderia Ferrari HP, Mercedes-AMG Petronas F1 Team",Docuseries following the FIA Formula One World Championship across multiple seasons.,Nominated for 4 BAFTA 10 wins & 28 nominations total,https://m.media-amazon.com/images/M/MV5BNTkyYzhiYzctZGRiOC00ODM1LTg0MDQtYzVmMzcyNTI5MDEwXkEyXkFqcGc@._V1_SX300.jpg,,8,series,8.5,58191
The Trauma Code: Heroes on Call,81677629,https://occ-0-2087-2164.1.nflxso.net/dnm/api/v6/Qs00mKCpRvrkl3HZAN5KwEL1kpE/AAAABQqZ040bkOz5AKKZXllAdMEDoqFS4H6veiWXtSwrDcOv1A4UM4Z22EbNf0vWWZPM6IhaZtnvAyxz_u4roQmM8rETjPpQX7SYkoo.jpg?r=002,https://www.netflix.com/watch/81677629?tctx=8%2C20%2C%2C%2C%2C%2C%2C%2C%2CVideo%3A81677629%2C,['Capricorns Activate Boss Mode'],False,tt28106730,8.4,"8,070",2025–,TV-MA,N/A,Drama,N/A,"Ju Ji-hoon, Choo Young-woo, Shin Ha-young",An elite team of trauma specialists at a university hospital led by the genius doctor Baek Kang-hyeok.,N/A,https://m.media-amazon.com/images/M/MV5BYzY4YmRmNmQtNTM4OC00NjhiLTk1ODQtZWRiMDY5NTAyNDliXkEyXkFqcGc@._V1_SX300.jpg,,1,series,8.4,8070
Weak Hero,81742615,https://occ-0-2087-2164.1.nflxso.net/dnm/api/v6/Qs00mKCpRvrkl3HZAN5KwEL1kpE/AAAABSwtIbOlaCHydvZDXoETM4t-5bhLIm5LLz7XM3qaw9cKpPZWKjcyrYis6OIExTP_4ZJiBhlwZO9UtHgW2HeYPHVKVSg-cF058sg.jpg?r=348,https://www.netflix.com/watch/81742615?tctx=34%2C21%2C%2C%2C%2C%2C%2C%2C%2CVideo%3A81742615%2C,['Action TV'],False,tt20234568,8.4,"19,173",2022–,TV-MA,N/A,"Action, Drama, Thriller",N/A,"Park Ji-hoon, Hong Kyung, Choi Hyun-wook","Yeon Shi-eun is a model student, who ranks at the top at his school. Physically, he appears like a weak boy, but, by using his smarts, tools, and psychology, he fights against violence that takes place inside and outside of his sc...",1 win,https://m.media-amazon.com/images/M/MV5BYjJmZjU5MDYtMTljMy00YmRkLWJlMWMtZDQ2NjYxNzIyYzYzXkEyXkFqcGc@._V1_SX300.jpg,,2,series,8.4,19173
Brooklyn Nine-Nine,70281562,https://occ-0-2087-2164.1.nflxso.net/dnm/api/v6/Qs00mKCpRvrkl3HZAN5KwEL1kpE/AAAABenekJkXTG23OZ6zwgdHK1qQf8w4Rbbsu5TMGXnytVnXfqbMK6dg2rzQ52ZwPCPnmq2SYItR4zVsScLiYdnotUmuEwO69UUueGo.webp?r=37d,https://www.netflix.com/watch/70281562?tctx=3%2C0%2C%2C%2C%2C%2C%2C%2C%2CVideo%3A70281562%2C,['Recovery-mode Recommendations'],False,tt2467372,8.4,"408,401",2013–2021,TV-14,22 min,"Comedy, Crime",N/A,"Andy Samberg, Stephanie Beatriz, Terry Crews","Comedy series following the exploits of Det. Jake Peralta and his diverse, lovable colleagues as they police the NYPD's 99th Precinct.",Won 2 Primetime Emmys. 19 wins & 129 nominations total,https://m.media-amazon.com/images/M/MV5BNzBiODQxZTUtNjc0MC00Yzc1LThmYTMtN2YwYTU3NjgxMmI4XkEyXkFqcGc@._V1_SX300.jpg,,8,series,8.4,408401
Ozark,80117552,https://occ-0-2087-2164.1.nflxso.net/dnm/api/v6/Qs00mKCpRvrkl3HZAN5KwEL1kpE/AAAABQcQdMo7A6p2i336EyhL8LoGOj5Tiz8qGxOGK5Bklsw30UB2wAJLFHwmS84RqMmCcL-IGrt9-_9LP4i4rIt-mVNuclgsyBUuMO4.jpg?r=71f,https://www.netflix.com/watch/80117552?tctx=7%2C4%2C%2C%2C%2C%2C%2C%2C%2CVideo%3A80117552%2C,['In a Mood'],False,tt5071412,8.4,"384,291",2017–2022,TV-MA,60 min,"Crime, Drama, Thriller",N/A,"Jason Bateman, Laura Linney, Sofia Hublitz","A financial advisor drags his family from Chicago to the Missouri Ozarks, where he must launder money to appease a drug boss.",Won 4 Primetime Emmys. 24 wins & 176 nominations total,https://m.media-amazon.com/images/M/MV5BZDk1ZTdjOWItNTJmYS00MGIzLThmY2ItZWNiOGY5MzJlNTA5XkEyXkFqcGc@._V1_SX300.jpg,,4,series,8.4,384291
After Life,80998491,https://occ-0-2087-2164.1.nflxso.net/dnm/api/v6/Qs00mKCpRvrkl3HZAN5KwEL1kpE/AAAABb4I2ny8hHJMxutrd-hRIkRvaqUTaCx_nR8O8Ta53wbUPHS7ULcyaNfiDiFDhrWTyXZG_iai3D7GpX8Osm6wDuU2HTDg6UqZkKg.jpg?r=146,https://www.netflix.com/watch/80998491?tctx=11%2C17%2C%2C%2C%2C%2C%2C%2C%2CVideo%3A80998491%2C,['Acclaimed Writers'],False,tt8398600,8.4,"161,112",2019–2022,TV-MA,30 min,"Comedy, Drama",N/A,"Ricky Gervais, Tom Basden, Tony Way","After Tony's wife dies, his nice-guy persona is altered into an impulsive, devil-may-care attitude that takes his old world by storm.",5 wins & 8 nominations total,https://m.media-amazon.com/images/M/MV5BNDVkNzU5ZjAtNjE5MC00YjBmLTk0NjAtYmFiOTk3MGIwZDlmXkEyXkFqcGc@._V1_SX300.jpg,,3,series,8.4,161112
"Love, Death & Robots",80174608,https://occ-0-2087-2164.1.nflxso.net/dnm/api/v6/Qs00mKCpRvrkl3HZAN5KwEL1kpE/AAAABQXPuPYvmKwoNzwX0mpEfsC1NCWyBavHDmTA_QhTZ2YL7oMik4XwR9Z_P1OYlSu8Dc1WehmQhnc4JrXBG-tlKMM-kdRyXVOQFN8.jpg?r=c10,https://www.netflix.com/watch/80174608?tctx=13%2C39%2C%2C%2C%2C%2C%2C%2C%2CVideo%3A80174608%2C,"['Emmy-Winning TV Shows', 'US TV Thrillers']",False,tt9561862,8.4,"224,813",2019–,TV-MA,15 min,"Animation, Short, Action",N/A,"Fred Tatasciore, Scott Whyte, Emily O'Brien","A collection of animated short stories that span various genres including science fiction, fantasy, horror and comedy.",Won 17 Primetime Emmys. 32 wins & 26 nominations total,https://m.media-amazon.com/images/M/MV5BZDY3OTZiYzktN2U5My00MzRhLWJiZjItZjNlZmM3OGViZmFiXkEyXkFqcGc@._V1_SX300.jpg,,4,series,8.4,224813
Naruto,70205012,https://occ-0-2087-2164.1.nflxso.net/dnm/api/v6/Qs00mKCpRvrkl3HZAN5KwEL1kpE/AAAABUMeRy-pleJv4DXuphLcwuravAf7tcbeQgwtTYOmLW5LQ20ecpo6QFyTY_lV1Tvf1Xh_dL4q893LjHZGLusDZXe-41fQeSZL2LA.webp?r=f87,https://www.netflix.com/watch/70205012?tctx=22%2C37%2C%2C%2C%2C%2C%2C%2C%2CVideo%3A70205012%2C,['Exciting TV Shows'],False,tt0409591,8.4,"159,781",2002–2007,TV-PG,24 min,"Animation, Action, Adventure",N/A,"Maile Flanagan, Junko Takeuchi, Kate Higgins","Naruto Uzumaki, a mischievous adolescent ninja, struggles as he searches for recognition and dreams of becoming the Hokage, the village's leader and strongest ninja.",1 win total,https://m.media-amazon.com/images/M/MV5BZTNjOWI0ZTAtOGY1OS00ZGU0LWEyOWYtMjhkYjdlYmVjMDk2XkEyXkFqcGc@._V1_SX300.jpg,,1,series,8.4,159781
Suits,70195800,https://occ-0-2087-2164.1.nflxso.net/dnm/api/v6/Qs00mKCpRvrkl3HZAN5KwEL1kpE/AAAABci5DXOH6U2w4tVYHjonXiePISVvSd67AeHLDLam0XdAemJ33ayA8Jj89k3k2uSvthyyQL9n6EgIzv_Ui0-PZBqGIfGzcnueQBA.webp?r=7b8,https://www.netflix.com/watch/70195800?tctx=8%2C1%2C%2C%2C%2C%2C%2C%2C%2CVideo%3A70195800%2C,['Capricorns Activate Boss Mode'],False,tt1632701,8.4,"527,386",2011–2019,TV-14,44 min,"Comedy, Drama",N/A,"Gabriel Macht, Rick Hoffman, Sarah Rafferty","On the run from a drug deal gone bad, brilliant college dropout Mike Ross finds himself working with Harvey Specter, one of New York City's best lawyers.",1 win & 9 nominations total,https://m.media-amazon.com/images/M/MV5BYmE4MmNjZjUtNTEyNy00NTZiLWE4NTktYjM2NjBhYzQ1N2IzXkEyXkFqcGc@._V1_SX300.jpg,,9,series,8.4,527386
Senna,81068725,https://occ-0-2087-2164.1.nflxso.net/dnm/api/v6/Qs00mKCpRvrkl3HZAN5KwEL1kpE/AAAABR6eeG3SgyXwZCeMzAyNBGMEQIS55YsXnrCFoaGMl-Bd0C3WOUhOdbOVAN-kXI5Skd8zAahcfZZut0Ma6HO1jmHJctvPAVKXMwc.jpg?r=cd3,https://www.netflix.com/watch/81068725?tctx=22%2C19%2C%2C%2C%2C%2C%2C%2C%2CVideo%3A81068725%2C,"['Exciting TV Shows', 'Action TV']",False,tt1424432,8.4,"83,203",2010,PG-13,106 min,"Documentary, Biography, Sport",Asif Kapadia,"Ayrton Senna, Reginaldo Leme, John Bisignano","A documentary on Brazilian Formula One racing driver Ayrton Senna, who won the F1 world championship three times before his death at age 34.",Won 2 BAFTA 20 wins & 19 nominations total,https://m.media-amazon.com/images/M/MV5BMTc5MTUzOTAxMl5BMl5BanBnXkFtZTcwODQzMjg3NA@@._V1_SX300.jpg,,,movie,8.4,83203
Top Boy,80217669,https://occ-0-2087-2164.1.nflxso.net/dnm/api/v6/Qs00mKCpRvrkl3HZAN5KwEL1kpE/AAAABXQv-bPlJNGJgXFEMwj3WO0DG1gsG_-604ZkOUG9syUtgp-JpJ7i0RCLOyEmovAZ0OsQ1m3sp6SrWP6ffeWg7mR3kikX3taM2xk.jpg?r=fa7,https://www.netflix.com/watch/80217669?tctx=29%2C23%2C%2C%2C%2C%2C%2C%2C%2CVideo%3A80217669%2C,['Critically Acclaimed Crime TV Dramas'],False,tt1830379,8.4,"46,706",2011–2023,TV-MA,1 min,"Crime, Drama, Thriller",N/A,"Ashley Walters, Kano, Jasmine Jobson",A group of young people living on edge and out of sight in the crime-riddled area of East London today.,Won 4 BAFTA 9 wins & 30 nominations total,https://m.media-amazon.com/images/M/MV5BNzIxNjNkYjctMzkyYy00ZGE0LTgzMTQtZDczZWY5NWEwNDdjXkEyXkFqcGc@._V1_SX300.jpg,,5,series,8.4,46706
Cobra Kai,81002370,https://occ-0-2087-2164.1.nflxso.net/dnm/api/v6/Qs00mKCpRvrkl3HZAN5KwEL1kpE/AAAABdODpOZ7yg5fZowRcGmQ4OIHd370Rak9Qx2ce0Y9qV6vo4BNo_EbkBFiD1O3FbwPUxTmhqSQZodGOA32xztn2v-IQ6b_CcyghpU.jpg?r=201,https://www.netflix.com/watch/81002370?tctx=18%2C11%2C%2C%2C%2C%2C%2C%2C%2CVideo%3A81002370%2C,"['TV Dramas', 'Exciting TV Shows', 'Only on Netflix', 'Action TV', 'US TV Shows Dubbed in Hindi']",False,tt7221388,8.4,"237,442",2018–2025,TV-14,30 min,"Action, Comedy, Drama",N/A,"Ralph Macchio, William Zabka, Courtney Henggeler","Decades after their 1984 All Valley Karate Tournament bout, a middle-aged Daniel LaRusso and Johnny Lawrence find themselves martial-arts rivals again.",Nominated for 11 Primetime Emmys. 8 wins & 72 nominations total,https://m.media-amazon.com/images/M/MV5BYjA3NDkwNzktNjJkYi00ODNhLWFhYzQtYzk5NjU4MDM0OWZmXkEyXkFqcGc@._V1_SX300.jpg,,6,series,8.4,237442
Spartacus,70136152,https://occ-0-2087-2164.1.nflxso.net/dnm/api/v6/Qs00mKCpRvrkl3HZAN5KwEL1kpE/AAAABfRQcmXkQzV-EkNFMFtFEPt50UjcOE4t0quHqiygHD1d3q6LQtGcio6gD-NgBTY0X8jxzVqznyl9bMla_vQDayfOObPDM7mLckk.webp?r=ac6,https://www.netflix.com/watch/70136152?tctx=34%2C15%2C%2C%2C%2C%2C%2C%2C%2CVideo%3A70136152%2C,['Action TV'],False,tt1442449,8.4,"292,413",2010–2013,TV-MA,55 min,"Action, Adventure, Biography",N/A,"Andy Whitfield, Lucy Lawless, Manu Bennett","The life of Spartacus, the gladiator who led a rebellion against the Romans.",4 wins & 16 nominations total,https://m.media-amazon.com/images/M/MV5BNTc4ZjlkNjUtOWZlMS00ODQ0LTg2MWUtMjBkNjMwOTJkOWZmXkEyXkFqcGc@._V1_SX300.jpg,,3,series,8.4,292413
Dangal,80166185,https://occ-0-2087-2164.1.nflxso.net/dnm/api/v6/Qs00mKCpRvrkl3HZAN5KwEL1kpE/AAAABVg14abqmv2XkyGfzII0zahR9xi_qOwFNxNb2-ewfxG7mPbCFYy-zT8Lp8HeGAWmy75UclOIquZA7_ql0muljKVdV7syBNkii8ghlBlBZQjNEcdhEUj1LGpowxvaulSfRrp4O3Wg7D1_v9VqQWSrlIlMNw0TV3oyezA.webp?r=012,https://www.netflix.com/watch/80166185?tctx=14%2C1%2C%2C%2C%2C%2C%2C%2C%2CVideo%3A80166185%2C,"['Award Winning Drama Movies', 'Top 10 Movies in India Today', 'Because you watched Dabba Cartel']",False,tt5074352,8.3,"237,463",2016,Not Rated,161 min,"Action, Biography, Drama",Nitesh Tiwari,"Aamir Khan, Sakshi Tanwar, Fatima Sana Shaikh","Mahavir Singh Phogat, a former wrestler, decides to fulfill his dream of winning a gold medal for his country by training his daughters for the Commonwealth Games despite the existing social stigmas.",41 wins & 38 nominations total,https://m.media-amazon.com/images/M/MV5BMTQ4MzQzMzM2Nl5BMl5BanBnXkFtZTgwMTQ1NzU3MDI@._V1_SX300.jpg,,,movie,8.3,237463
3%,80074220,https://occ-0-2087-2164.1.nflxso.net/dnm/api/v6/Qs00mKCpRvrkl3HZAN5KwEL1kpE/AAAABRaY1Gl6Y5HABKGMP2HTfSp9v-03_dVbAB-Et85rClKi3kTLPPmFEHN5CHulvqbB8becxxNBKJ_F0-oMsFqyLutZfaT2D7TY50w.jpg?r=f8b,https://www.netflix.com/watch/80074220?tctx=2%2C23%2C%2C%2C%2C%2C%2C%2C%2CVideo%3A80074220%2C,"['Now Leaving Hawkins, Indiana', 'Sci-Fi TV']",False,tt0435761,8.3,"956,088",2010,G,103 min,"Animation, Adventure, Comedy",Lee Unkrich,"Tom Hanks, Tim Allen, Joan Cusack","The toys are mistakenly delivered to a day-care center instead of the attic right before Andy leaves for college, and it's up to Woody to convince the other toys that they weren't abandoned and to return home.",Won 2 Oscars. 63 wins & 96 nominations total,https://m.media-amazon.com/images/M/MV5BMTgxOTY4Mjc0MF5BMl5BanBnXkFtZTcwNTA4MDQyMw@@._V1_SX300.jpg,,,movie,8.3,956088
Good Will Hunting,17405997,https://occ-0-2087-2164.1.nflxso.net/dnm/api/v6/Qs00mKCpRvrkl3HZAN5KwEL1kpE/AAAABff15rJXI4qPtITwLswif_XkW4FIpguuYkeW2_nX7UKqJ1ggdxi6M3lCEyPGpRnITL0vxfru5jZCY5NB1fFxIr1jb0XrtEgldRc.webp?r=44b,https://www.netflix.com/watch/17405997?tctx=14%2C27%2C%2C%2C%2C%2C%2C%2C%2CVideo%3A17405997%2C,"['Award Winning Drama Movies', 'Because you liked Gilmore Girls', 'Award-Winning Films']",False,tt0119217,8.3,"1,186,230",1997,R,126 min,"Drama, Romance",Gus Van Sant,"Robin Williams, Matt Damon, Ben Affleck","A therapist counsels Will Hunting, a janitor with a genius IQ.",Won 2 Oscars. 25 wins & 61 nominations total,https://m.media-amazon.com/images/M/MV5BNDdjZGQ5YzEtNTc2My00Mjc0LWFlMTctYzkwMzZlNzdiZWYzXkEyXkFqcGc@._V1_SX300.jpg,,,movie,8.3,1186230
Kingdom,81678097,https://occ-0-2087-2164.1.nflxso.net/dnm/api/v6/Qs00mKCpRvrkl3HZAN5KwEL1kpE/AAAABTi2B4o9XQ7hnSK5G2whJjniy2pOZggzALBfrVmuS7k-TepEWxX9URfbfVBZyvxQ_ATYUoWKcDB6CWVCJYHPrTQOjO8jHEvN5qg.webp?r=145,https://www.netflix.com/watch/81678097?tctx=26%2C28%2C%2C%2C%2C%2C%2C%2C%2CVideo%3A81678097%2C,['Because you watched Dabba Cartel'],False,tt6611916,8.3,"61,329",2019–2020,TV-MA,45 min,"Action, Drama, Horror",N/A,"Ju Ji-hoon, Bae Doona, Kim Sungkyu","While strange rumors about their ill King grip a kingdom, the crown prince becomes their only hope against a mysterious plague overtaking the land.",N/A,https://m.media-amazon.com/images/M/MV5BYWQyMDQyYzItYWFhNi00YmViLTkwZTctY2M2NjEyNDJmNGQ5XkEyXkFqcGc@._V1_SX300.jpg,,2,series,8.3,61329
Castlevania,80095241,https://occ-0-2087-2164.1.nflxso.net/dnm/api/v6/Qs00mKCpRvrkl3HZAN5KwEL1kpE/AAAABXVilJoWTxoFgjajJXECBBu3vOVpebv_vgj4o-Qoad2IlM8vnwiAi6Jr_cbJETSVfb0avq6mg7ozYM6jBmlFKKAF--P4CnGLTRA.jpg?r=d17,https://www.netflix.com/watch/80095241?tctx=24%2C39%2C%2C%2C%2C%2C%2C%2C%2CVideo%3A80095241%2C,['Horror TV Serials'],False,tt6517102,8.3,"92,217",2017–2021,TV-MA,23 min,"Animation, Action, Adventure",N/A,"Richard Armitage, James Callis, Alejandra Reynoso",A vampire hunter fights to save a besieged city from an army of otherworldly creatures controlled by Dracula.,3 wins & 5 nominations total,https://m.media-amazon.com/images/M/MV5BMjAzMjU2MjYzMl5BMl5BanBnXkFtZTgwNTQ4Nzk1NjM@._V1_SX300.jpg,,4,series,8.3,92217
Narcos: Mexico,80997085,https://occ-0-2087-2164.1.nflxso.net/dnm/api/v6/Qs00mKCpRvrkl3HZAN5KwEL1kpE/AAAABYIvZ8qsVnEq_T4u7uTxaOAoWdlKlh19i8oqnpqzunkZISvTIvjO3IR0qLNtg2PaOnb82xO0jyRjzAglNN1GXRXvYCUbmlGwQZA.jpg?r=b38,https://www.netflix.com/watch/80997085?tctx=4%2C11%2C%2C%2C%2C%2C%2C%2C%2CVideo%3A80997085%2C,"['Criminal Investigation TV Shows', 'TV Dramas', 'Exciting TV Shows', 'Only on Netflix', 'US TV Thrillers', 'Critically Acclaimed TV Dramas', 'Action TV', 'US TV Shows Dubbed in Hindi']",False,tt8714904,8.3,"99,874",2018–2021,TV-MA,2 min,"Biography, Crime, Drama",N/A,"Scoot McNairy, José María Yazpik, Alejandro Edda",The rise of the Guadalajara Cartel as an American DEA agent learns the danger of targeting narcos in Mexico.,4 wins & 15 nominations total,https://m.media-amazon.com/images/M/MV5BM2FkZGQyODItOGFlNy00ZDA1LWFjMTEtMGUyYzk0ZDYzNmRjXkEyXkFqcGc@._V1_SX300.jpg,,3,series,8.3,99874
Fauda,80113612,https://occ-0-2087-2164.1.nflxso.net/dnm/api/v6/Qs00mKCpRvrkl3HZAN5KwEL1kpE/AAAABYsBnQpIdk5B4qEMwvXeVOIIbAI0Jt2CZ-BLrkF3gKzNPHsOPs0da-uR8AiAb2PH491mbOQb4G-X7Elnm2_2gx6VPCHhdC-IQxE.jpg?r=e79,https://www.netflix.com/watch/80113612?tctx=17%2C23%2C%2C%2C%2C%2C%2C%2C%2CVideo%3A80113612%2C,"['So Completely Captivating', 'Critically Acclaimed TV Dramas']",False,tt4565380,8.3,"41,611",2015–,TV-MA,1 min,"Action, Crime, Drama",N/A,"Lior Raz, Itzik Cohen, Netta Garti",The human stories on both sides of the Israel-Palestine conflict.,15 wins & 8 nominations total,https://m.media-amazon.com/images/M/MV5BZDNjNzhmM2ItYWM4Ni00ZThjLWE4N2YtODQ1MzRiYWQ0YzBlXkEyXkFqcGc@._V1_SX300.jpg,,4,series,8.3,41611
Chainsaw Man,81215627,https://occ-0-2087-2164.1.nflxso.net/dnm/api/v6/Qs00mKCpRvrkl3HZAN5KwEL1kpE/AAAABX8gnJo_jAQ974nEoESMx0PQ4t2Aw7Yh6KX0r-Mfqyqboi7FNrvb1Uj1dayl6nyGpy2ZWa5b9gmWhlSAQUWeoW2m3ub_2wNiuYA.webp?r=2a8,https://www.netflix.com/watch/81215627?tctx=22%2C28%2C%2C%2C%2C%2C%2C%2C%2CVideo%3A81215627%2C,"['Exciting TV Shows', 'Action TV']",False,tt13616990,8.3,"92,240",2022,TV-MA,N/A,"Animation, Action, Comedy",N/A,"Kikunosuke Toya, Ryan Colt Levy, Tomori Kusunoki","Following a betrayal, a young man left for dead is reborn as a powerful devil-human hybrid after merging with his pet devil and is soon enlisted into an organization dedicated to hunting devils.",10 wins & 33 nominations total,https://m.media-amazon.com/images/M/MV5BZGY2ZTM2MWMtNzA2OS00ZjJlLWIwZTMtMDBhN2EwYjZjZjEyXkEyXkFqcGc@._V1_SX300.jpg,,1,series,8.3,92240
Unbelievable,80153467,https://occ-0-2087-2164.1.nflxso.net/dnm/api/v6/Qs00mKCpRvrkl3HZAN5KwEL1kpE/AAAABWKmsC6gVzVizMyZ0eV57hI8ZETltk86MOG7d_6xWYRDB4TzrHbBFfNET2qrusFnwCD0P6tZwh2PIepQxGG-a_4rERmkgDZzOmg.jpg?r=052,https://www.netflix.com/watch/80153467?tctx=4%2C18%2C%2C%2C%2C%2C%2C%2C%2CVideo%3A80153467%2C,"['Criminal Investigation TV Shows', 'Award-Winning TV Shows', 'Critically Acclaimed Crime TV Dramas']",False,tt7909970,8.3,"134,450",2019,TV-MA,385 min,"Crime, Drama",N/A,"Kaitlyn Dever, Toni Collette, Merritt Wever","A teenager is charged with lying about being raped, but two detectives follow the path to the truth.",Nominated for 4 Primetime Emmys. 5 wins & 37 nominations total,https://m.media-amazon.com/images/M/MV5BNTNhOTViZWYtY2UyMS00ZjkwLTljMzUtYzkwMTM5MDFkYjQ5XkEyXkFqcGc@._V1_SX300.jpg,,1,series,8.3,134450
Maid,81166770,https://occ-0-2087-2164.1.nflxso.net/dnm/api/v6/Qs00mKCpRvrkl3HZAN5KwEL1kpE/AAAABSc7mbJP7VwTee4r_94693vs6G6JBGCC-NGAk0dkRIh1KDITsRY-ZUUG7IxwgUiiytbUAKqZ1CAztCJ38Ej0OxwgLsP6wbPxk6s.jpg?r=705,https://www.netflix.com/watch/81166770?tctx=31%2C2%2C%2C%2C%2C%2C%2C%2C%2CVideo%3A81166770%2C,['Critically Acclaimed TV Dramas'],False,tt11337908,8.3,"115,584",2021,TV-MA,N/A,Drama,N/A,"Margaret Qualley, Nick Robinson, Rylea Nevaeh Whittet","After fleeing an abusive relationship, a young mother finds a job cleaning houses as she fights to provide for her child and build them a better future.",Nominated for 3 Primetime Emmys. 7 wins & 37 nominations total,https://m.media-amazon.com/images/M/MV5BNGQ2NWU5YmQtZWJjMS00N2VkLTljMTItZDM4ZWRhM2FkYTNmXkEyXkFqcGc@._V1_SX300.jpg,,1,series,8.3,115584
Jurassic Park,60002360,https://occ-0-2087-2164.1.nflxso.net/dnm/api/v6/Qs00mKCpRvrkl3HZAN5KwEL1kpE/AAAABa3Cp04eSk6x2e9WEGvpjw3lJZKfUGu0cF7MGY9J-HSid7iRgijGQ87IloiUNuGkSNRekw2wpG3Env4iQfxooqWQat2LzEi3h80.webp?r=26c,https://www.netflix.com/watch/60002360?tctx=11%2C37%2C%2C%2C%2C%2C%2C%2C%2CVideo%3A60002360%2C,"['Acclaimed Writers', 'Award-Winning Films']",False,tt0107290,8.2,"1,157,660",1993,PG-13,127 min,"Action, Adventure, Sci-Fi",Steven Spielberg,"Sam Neill, Laura Dern, Jeff Goldblum","An industrialist invites some experts to visit his theme park of cloned dinosaurs. After a power failure, the creatures run loose, putting everyone's lives, including his grandchildren's, in danger.",Won 3 Oscars. 44 wins & 27 nominations total,https://m.media-amazon.com/images/M/MV5BMjM2MDgxMDg0Nl5BMl5BanBnXkFtZTgwNTM2OTM5NDE@._V1_SX300.jpg,,,movie,8.2,1157660
Kim's Convenience,80199128,https://occ-0-2087-2164.1.nflxso.net/dnm/api/v6/Qs00mKCpRvrkl3HZAN5KwEL1kpE/AAAABWuMfiswQt6KoRqjRdyJdm5DovBuAeWAgUlNqYQ0j915A8t0C4Y177X_gYaDv1c0lGEpbMqIJvY7FHKHc_IiJGuybuUgGzjAx0U.webp?r=427,https://www.netflix.com/watch/80199128?tctx=9%2C3%2C%2C%2C%2C%2C%2C%2C%2CVideo%3A80199128%2C,"['Wanna Feel Like It’ll All Work Out?', 'Award-Winning TV Shows']",False,tt5912064,8.2,"27,597",2016–2021,TV-14,22 min,Comedy,N/A,"Paul Sun-Hyung Lee, Jean Yoon, Andrea Bang",The misadventures of a Korean-Canadian family running a convenience store.,29 wins & 69 nominations total,https://m.media-amazon.com/images/M/MV5BZDQxNzYyMTgtOTJmNy00ZjE3LTk0YTctMTZlZDI3OThkNDNlXkEyXkFqcGc@._V1_SX300.jpg,,5,series,8.2,27597
Little Things,81011159,https://occ-0-2087-2164.1.nflxso.net/dnm/api/v6/Qs00mKCpRvrkl3HZAN5KwEL1kpE/AAAABQ0cRzaABoPH5lRd56d6cWjUffUvk6onDW0Au3DdJj5wztIcQ27cHQrClWX95sUlPwhRVSoBshpzVfTQw19y5INOn4x6Kl4OwtU.jpg?r=7de,https://www.netflix.com/watch/81011159?tctx=9%2C22%2C%2C%2C%2C%2C%2C%2C%2CVideo%3A81011159%2C,"['Wanna Feel Like It’ll All Work Out?', 'Critically Acclaimed TV Dramas']",False,tt6522580,8.2,"8,073",2016–,TV-MA,16 min,"Comedy, Romance",N/A,"Dhruv Sehgal, Mithila Palkar, Gita Guha","A cohabiting couple in their 20s navigate the ups and downs of work, modern-day relationships and finding themselves in contemporary Mumbai.",10 wins & 16 nominations total,https://m.media-amazon.com/images/M/MV5BZjE1YzUxNGYtMjVhZi00NWNjLTlmYzEtMzI3YTdhMGEwMjNkXkEyXkFqcGc@._V1_SX300.jpg,,5,series,8.2,8073
The Glory,81519223,https://occ-0-2087-2164.1.nflxso.net/dnm/api/v6/Qs00mKCpRvrkl3HZAN5KwEL1kpE/AAAABX1DWBlKlvE17u9pWQG1gsrsrLEWd_uNZFd9dl2mPPsNbZlzL47JbrrvkvXo4-9wGxLDRnI-SCS4DUs4IrAZaKWACCdkfO1r6ZQ.jpg?r=3d2,https://www.netflix.com/watch/81519223?tctx=31%2C34%2C%2C%2C%2C%2C%2C%2C%2CVideo%3A81519223%2C,['Critically Acclaimed TV Dramas'],False,tt21344706,8.2,"41,526",2022–2023,TV-MA,N/A,"Drama, Mystery, Thriller",N/A,"Aria Song, Harrison Xu, Jona Xiao",A woman lives for absolute revenge against her childhood bullies who destroyed her life.,6 wins & 8 nominations total,https://m.media-amazon.com/images/M/MV5BODM0ZTc5YTAtZmMxNi00YzJkLWEzODItZDczZTRlNTc1NGE3XkEyXkFqcGc@._V1_SX300.jpg,,1,series,8.2,41526
Taxi Driver,81552615,https://occ-0-2087-2164.1.nflxso.net/dnm/api/v6/Qs00mKCpRvrkl3HZAN5KwEL1kpE/AAAABWePjvL0ygp2g0EXP2Exp9gRX43eIEZKuX7l2W8zYqv-nrJ31Sg_2qPL6NLzoP6Ee--0LtgYw1kqC6yTnSFvLEVQK4DmTbmXnKk.webp?r=82c,https://www.netflix.com/watch/81552615?tctx=22%2C24%2C%2C%2C%2C%2C%2C%2C%2CVideo%3A81552615%2C,['Exciting TV Shows'],False,tt0075314,8.2,"1,008,829",1976,R,114 min,"Crime, Drama",Martin Scorsese,"Robert De Niro, Jodie Foster, Cybill Shepherd","A mentally unstable veteran works as a nighttime taxi driver in New York City, where the perceived decadence and sleaze fuels his urge for violent action.",Nominated for 4 Oscars. 22 wins & 21 nominations total,https://m.media-amazon.com/images/M/MV5BZDNhMGYwM2UtMTdlZS00MGQ1LWI2YzAtODY5YWI1MjYyNzRmXkEyXkFqcGc@._V1_SX300.jpg,,,movie,8.2,1008829
Gilmore Girls,70155618,https://occ-0-2087-2164.1.nflxso.net/dnm/api/v6/Qs00mKCpRvrkl3HZAN5KwEL1kpE/AAAABTUwnavi_0kiOSJtPWE9adabX9OM29niecI21O-g5fPNQ_NvFwlu4B42FXcsbQKG_eWy1KxHJ80hbgEewLMyykAL_TaEYr3OkFI.webp?r=447,https://www.netflix.com/watch/70155618?tctx=3%2C3%2C%2C%2C%2C%2C%2C%2C%2CVideo%3A70155618%2C,"['Recovery-mode Recommendations', 'Acclaimed Writers', 'TV Dramas']",False,tt0238784,8.2,"170,412",2000–2007,TV-PG,57S min,"Comedy, Drama",N/A,"Lauren Graham, Alexis Bledel, Melissa McCarthy","A dramedy centering around the relationship between a thirtysomething single mother and her teen daughter living in Stars Hollow, Connecticut.",Won 1 Primetime Emmy. 23 wins & 85 nominations total,https://m.media-amazon.com/images/M/MV5BMzM2OGZjMTItNzc2OS00YzA4LWE0ZTUtYzE5NjU0MTIyZjcyXkEyXkFqcGc@._V1_SX300.jpg,,7,series,8.2,170412
Sex Education,80197526,https://occ-0-2087-2164.1.nflxso.net/dnm/api/v6/Qs00mKCpRvrkl3HZAN5KwEL1kpE/AAAABYcZq7aJhUAn7C23av6sCvrcJ713KTXNi_G3yQvnDXg06RtjP9TGnDVxOerKOHSq6gJuiRVVB-PPH9OSwL78eVdRozgTM8iqOuc.jpg?r=c42,https://www.netflix.com/watch/80197526?tctx=15%2C4%2C%2C%2C%2C%2C%2C%2C%2CVideo%3A80197526%2C,['Award-Winning TV Shows'],False,tt7767422,8.2,"390,438",2019–2023,TV-MA,45 min,"Comedy, Drama, Romance",N/A,"Asa Butterfield, Gillian Anderson, Ncuti Gatwa",A teenage boy with a sex-therapist mother teams up with a high-school classmate to set up an underground sex-therapy clinic at school.,Won 1 BAFTA Award20 wins & 63 nominations total,https://m.media-amazon.com/images/M/MV5BOTE0MjQ1NDU3OV5BMl5BanBnXkFtZTgwNTI4MTgwNzM@._V1_SX300.jpg,,4,series,8.2,390438
SPY x FAMILY,81511410,https://occ-0-2087-2164.1.nflxso.net/dnm/api/v6/Qs00mKCpRvrkl3HZAN5KwEL1kpE/AAAABc8W809nriZV-N1gXYKMgN3EGCgoELkYJafGsZGYfudUGEaj4197OgZB3kAgCjC2w07ULFne2R3UdiJOEKQoxlMCgoTNGVVyrOLgC1FWNORTO2_hj2UUIrPLFRJPgRyD8dzsZ7A0CI8uFhdQvo31BiMEeucAuK46W5PLljIL8lisFWTuUvFxiF0Lv6Zj7GW05nsq6Qw7SM7x492-iG6-4sPMMM4GHHICUV4agLEeI6x4sRJIPE5OJSqhGpbGvtQk0eiNBopibRHC97dCTiQUr4gsQnE2_wGwy3uJHQlfkdSkHbwPGrJfLKbgeEP4.webp?r=577,https://www.netflix.com/watch/81511410?tctx=22%2C10%2C%2C%2C%2C%2C%2C%2C%2CVideo%3A81511410%2C,"['Exciting TV Shows', 'Action TV']",False,tt13706018,8.2,"57,858",2022–,TV-14,N/A,"Animation, Action, Comedy",N/A,"Atsumi Tanezaki, Takuya Eguchi, Saori Hayami","A spy on an undercover mission gets married and adopts a child as part of his cover. His wife and daughter have secrets of their own, and all three must strive to keep together.",19 wins & 53 nominations total,https://m.media-amazon.com/images/M/MV5BZDkwNjc0NWEtNzJlOC00N2YwLTk4MjktZGFlZDE2Y2QzOWI0XkEyXkFqcGc@._V1_SX300.jpg,,3,series,8.2,57858
Black Clover,80238012,https://occ-0-2087-2164.1.nflxso.net/dnm/api/v6/Qs00mKCpRvrkl3HZAN5KwEL1kpE/AAAABahQ9eOKWRg5lClKMFvofOUMSthz773MU_VUkXpaoosad7sAaIyylqMAGIyPE9sjLiFPsHvCJTAD7Rbastm0PxCG91cXC8If2K4.webp?r=567,https://www.netflix.com/watch/80238012?tctx=22%2C30%2C%2C%2C%2C%2C%2C%2C%2CVideo%3A80238012%2C,"['Exciting TV Shows', 'Action TV']",False,tt7441658,8.2,"45,216",2017–2021,TV-PG,24 min,"Animation, Action, Adventure",N/A,"Dallas Reid, Gakuto Kajiwara, Jill Harris","Asta and Yuno were abandoned together at the same church and have been inseparable since. As children, they promised that they would compete against each other to see who would become the next Emperor Magus.",3 nominations total,https://m.media-amazon.com/images/M/MV5BZmZkZjNhMWMtM2U0Mi00MjdlLTk3NmMtMTMwZjgwOTJmODMzXkEyXkFqcGc@._V1_SX300.jpg,,4,series,8.2,45216
Kuroko's Basketball,80063153,https://occ-0-2087-2164.1.nflxso.net/dnm/api/v6/Qs00mKCpRvrkl3HZAN5KwEL1kpE/AAAABVBuh3zpkNldjgTYqEv-J64Yeq_jzwKKi9NJIIYMvjjDezU_qQTdkjq-iJ2Z9YNQ_uqJu_jSHpPX5_fgQ4nHE7YafHsqVcnTdvM.webp?r=670,https://www.netflix.com/watch/80063153?tctx=22%2C34%2C%2C%2C%2C%2C%2C%2C%2CVideo%3A80063153%2C,['Exciting TV Shows'],False,tt2348803,8.2,"14,702",2012–2015,TV-14,24 min,"Animation, Comedy, Sport",N/A,"Kenshô Ono, Yoshimasa Hosoya, Yuki Ono","Kagami meets Kuroko, the 6th member of the Miracle Generation, and they make a pact to defeat the other members of the team. A battle of light (Kagami) and shadow (Kuroko) begins.",2 wins & 2 nominations total,https://m.media-amazon.com/images/M/MV5BYmI3NDAyZGUtYWZiZC00YWIwLTgyNDQtYjZmOGFmNTkzODYzXkEyXkFqcGc@._V1_SX300.jpg,,3,series,8.2,14702
Parasyte: The Maxim,80191008,https://occ-0-2087-2164.1.nflxso.net/dnm/api/v6/Qs00mKCpRvrkl3HZAN5KwEL1kpE/AAAABZEU4u66TEzM-nNDZkk8eZoskv4wQnSvQdXdz26_Qh9CiNQcJaDyZPM2gBpIs_xWXyGKnJxbdRMg3Vwcm8yPQvHr2hP4izUM94g.webp?r=d54,https://www.netflix.com/watch/80191008?tctx=24%2C30%2C%2C%2C%2C%2C%2C%2C%2CVideo%3A80191008%2C,['Horror TV Serials'],False,tt3358020,8.2,"59,463",2014–2015,TV-MA,22 min,"Animation, Action, Drama",N/A,"Aya Hirano, Nobunaga Shimazaki, Rinka H.B.B.","17-year-old Shinichi Izumi is partially infected by a Parasyte, monsters that butcher and consume humans. He must learn to co-exist with the creature if he is to survive both the life of a Parasyte and a human as part monster, par...",3 wins & 7 nominations total,https://m.media-amazon.com/images/M/MV5BMzg2YjA0NGYtYjQwMS00MDQyLWFlNWMtODVhNTBkYWIyNjE1XkEyXkFqcGc@._V1_SX300.jpg,,1,series,8.2,59463
The Good Place,80113701,https://occ-0-2087-2164.1.nflxso.net/dnm/api/v6/Qs00mKCpRvrkl3HZAN5KwEL1kpE/AAAABUv7pUld9HXfdlw8W0ooKI8PxdFYskjx29P6Sacyl5TMi4kAztZNz4dci-1bARDpxCaFRbIoBHo-HlV3mQyvDYQMDj75A-QYlvU.webp?r=039,https://www.netflix.com/watch/80113701?tctx=3%2C4%2C%2C%2C%2C%2C%2C%2C%2CVideo%3A80113701%2C,"['Recovery-mode Recommendations', 'Acclaimed Writers', 'Award-Winning TV Shows']",False,tt4955642,8.2,"215,547",2016–2020,TV-PG,22 min,"Comedy, Drama, Fantasy",N/A,"Kristen Bell, William Jackson Harper, Jameela Jamil","Eleanor Shellstrop, a deceased saleswoman who lived a morally corrupt life, finds herself in a heaven-like afterlife in a case of mistaken identity and tries to hide her past in order to stay there.",Nominated for 12 Primetime Emmys. 35 wins & 140 nominations total,https://m.media-amazon.com/images/M/MV5BNjI3ZGRhNDYtNDFjOS00OGFlLTg4NTEtYjZjYTViY2ZiMzBkXkEyXkFqcGc@._V1_SX300.jpg,,4,series,8.2,215547
Sense8,80025744,https://occ-0-2087-2164.1.nflxso.net/dnm/api/v6/Qs00mKCpRvrkl3HZAN5KwEL1kpE/AAAABWgW9CFbEvEmXSzbDWwsRe13cI5HXZVU17mbS2KR7apwMypTThDbGbUhmcD_LdxzejwGfo07_pVyr84Sqyz3G-t5sc4NNvZons8.jpg?r=e4e,https://www.netflix.com/watch/80025744?tctx=5%2C25%2C%2C%2C%2C%2C%2C%2C%2CVideo%3A80025744%2C,"['Sci-Fi TV', 'US TV Thrillers']",False,tt2431438,8.2,"169,635",2015–2018,TV-MA,60 min,"Drama, Mystery, Sci-Fi",N/A,"Bae Doona, Jamie Clayton, Tina Desai","A group of people around the world are suddenly linked mentally, and must find a way to survive being hunted by those who see them as a threat to the world's order.",Nominated for 2 Primetime Emmys. 3 wins & 17 nominations total,https://m.media-amazon.com/images/M/MV5BMjA4MTEyMzcwMl5BMl5BanBnXkFtZTgwMTIwODczNTM@._V1_SX300.jpg,,2,series,8.2,169635
Money Heist,80192098,https://occ-0-2087-2164.1.nflxso.net/dnm/api/v6/Qs00mKCpRvrkl3HZAN5KwEL1kpE/AAAABW1eeZo1-zSVGkR8YPxxJmM74oWMJB1Dstq6MPR8uK5ctkrmlz59vJku2d7MoKehXSnPqJWjHxlp6Ohjk92I_96J0AvuBP7RD2o.jpg?r=b6b,https://www.netflix.com/watch/80192098?tctx=15%2C3%2C%2C%2C%2C%2C%2C%2C%2CVideo%3A80192098%2C,['Award-Winning TV Shows'],False,tt6468322,8.2,"586,054",2017–2021,TV-MA,70 min,"Action, Crime, Drama",N/A,"Úrsula Corberó, Álvaro Morte, Itziar Ituño",An unusual group of robbers attempt to carry out the most perfect robbery in Spanish history - stealing 2.4 billion euros from the Royal Mint of Spain.,38 wins & 45 nominations total,https://m.media-amazon.com/images/M/MV5BZjkxZWJiNTUtYjQwYS00MTBlLTgwODQtM2FkNWMyMjMwOGZiXkEyXkFqcGc@._V1_SX300.jpg,,5,series,8.2,586054
Shutter Island,70095139,https://occ-0-2087-2164.1.nflxso.net/dnm/api/v6/Qs00mKCpRvrkl3HZAN5KwEL1kpE/AAAABS-FlWhZpBkJVKLHbZnD-NkLX9yvBP6BsWYIqxe2De-GjyF8v_7Gas1spg5_1dKS39TmnGijixCEjN3RrJXPj5m6C9BnEDuKSxo.webp?r=fee,https://www.netflix.com/watch/70095139?tctx=7%2C0%2C%2C%2C%2C%2C%2C%2C%2CVideo%3A70095139%2C,['In a Mood'],False,tt1130884,8.2,"1,607,676",2010,R,138 min,"Drama, Mystery, Thriller",Martin Scorsese,"Leonardo DiCaprio, Emily Mortimer, Mark Ruffalo",Two US marshals are sent to a mental institution on an inhospitable island in order to investigate the disappearance of a patient.,11 wins & 66 nominations total,https://m.media-amazon.com/images/M/MV5BN2FjNWExYzEtY2YzOC00YjNlLTllMTQtNmIwM2Q1YzBhOWM1XkEyXkFqcGc@._V1_SX300.jpg,,,movie,8.2,1607676
Grace and Frankie,80017537,https://occ-0-2087-2164.1.nflxso.net/dnm/api/v6/Qs00mKCpRvrkl3HZAN5KwEL1kpE/AAAABQi7PDOAWCV2bsEhbd2cgfp09WaoPgjCZ6zyNTPiGTeUPDiF4_MphMnDgbS-CqB8oXubsyM1HmIXAezk9ftNGoHGimd3A2VW9cE.jpg?r=ac8,https://www.netflix.com/watch/80017537?tctx=3%2C10%2C%2C%2C%2C%2C%2C%2C%2CVideo%3A80017537%2C,"['Recovery-mode Recommendations', 'Because you liked Gilmore Girls']",False,tt3609352,8.2,"60,297",2015–2022,TV-MA,30 min,"Comedy, Drama",N/A,"Jane Fonda, Lily Tomlin, Sam Waterston","Finding out that their husbands are not just work partners, but have also been romantically involved for the last twenty years, two women with an already strained relationship try to cope with the circumstances together.",Nominated for 13 Primetime Emmys. 3 wins & 62 nominations total,https://m.media-amazon.com/images/M/MV5BNjgwMTg2NTAzOV5BMl5BanBnXkFtZTgwOTc0MTI1NTE@._V1_SX300.jpg,,7,series,8.2,60297
The Big C,70180085,https://occ-0-2087-2164.1.nflxso.net/dnm/api/v6/Qs00mKCpRvrkl3HZAN5KwEL1kpE/AAAABeWbqw7iTwfPIoIsnpRtd2chvehrgu8Gw70yO1uwc2i4SNSMZhOs64xGUG7BC6mUZw_oBVtwBDMkRNnpOHtxLkUHSSm58zn13d4.webp?r=b23,https://www.netflix.com/watch/70180085?tctx=13%2C5%2C%2C%2C%2C%2C%2C%2C%2CVideo%3A70180085%2C,"['Emmy-Winning TV Shows', 'Award-Winning TV Shows', 'Because you liked Gilmore Girls']",False,tt1515193,8.1,"17,078",2010–2013,TV-MA,30 min,"Comedy, Drama",N/A,"Laura Linney, Oliver Platt, Gabriel Basso",A suburban mother faces her cancer diagnosis while trying to find humor and happiness as well.,Won 1 Primetime Emmy. 6 wins & 31 nominations total,https://m.media-amazon.com/images/M/MV5BMTM4NjkzOTE1NF5BMl5BanBnXkFtZTcwNTk1OTQyOQ@@._V1_SX300.jpg,,4,series,8.1,17078
Bloodhounds,81444051,https://occ-0-2087-2164.1.nflxso.net/dnm/api/v6/Qs00mKCpRvrkl3HZAN5KwEL1kpE/AAAABT7at-cWJDsfsoiaWMxc5cvOpTKsPhFwDAqlv3YC8PDzOmZ6Bb_NDXy6EePefKO7e_iX6O5LEBnnnE4w8uUmcBNvtzlPIvyCsZI.jpg?r=3ec,https://www.netflix.com/watch/81444051?tctx=34%2C31%2C%2C%2C%2C%2C%2C%2C%2CVideo%3A81444051%2C,['Action TV'],False,tt26315487,8.1,"21,346",2023–,TV-MA,N/A,"Action, Crime, Drama",N/A,"Woo Do-Hwan, Lee Sang-yi, Huh Joon-ho","In order to pay off their debt, three daring youths jump into the money-lending business while confronting the rich and powerful who prey on the weak.",N/A,https://m.media-amazon.com/images/M/MV5BODc1ODMyNDMtOTU2Yi00NmMyLWJhYzQtODUzMDJkNGVhZDY4XkEyXkFqcGc@._V1_SX300.jpg,,1,series,8.1,21346
RIPLEY,81678765,https://occ-0-2087-2164.1.nflxso.net/dnm/api/v6/Qs00mKCpRvrkl3HZAN5KwEL1kpE/AAAABYYjqL432EudHQNiT2Nkq96xxsS1dv-87fGfkMzXFlu6FQqc5oNKB3QMaXskridtjOcX2j_dJrT4nnxeWQUdL5TIoo0sE-ao1K0.jpg?r=4dc,https://www.netflix.com/watch/81678765?tctx=25%2C35%2C%2C%2C%2C%2C%2C%2C%2CVideo%3A81678765%2C,"['US TV Thrillers', 'Suspense Series Based on Books']",False,tt11016042,8.1,"63,413",2024,TV-MA,N/A,"Crime, Drama, Thriller",N/A,"Andrew Scott, Dakota Fanning, Johnny Flynn",A grifter named Ripley living in New York during the 1960s is hired by a wealthy man to bring his vagabond son home from Italy.,Won 4 Primetime Emmys. 20 wins & 57 nominations total,https://m.media-amazon.com/images/M/MV5BMmI0NzgyY2ItODVmMy00YzQzLWI3ODAtMzExZDMxYWU0YmZhXkEyXkFqcGc@._V1_SX300.jpg,,1,series,8.1,63413
Wild Wild Country,80145240,https://occ-0-2087-2164.1.nflxso.net/dnm/api/v6/Qs00mKCpRvrkl3HZAN5KwEL1kpE/AAAABdQ-NpOjyDbHhEXg6KPPXXAXTydUlShmhdw3cf8iyA7DTXn0_M3kyNHn2rOhfdi1JX19yek-_z4Sixvn4_hUuWsUaAOFFGgQVOg.jpg?r=4c8,https://www.netflix.com/watch/80145240?tctx=13%2C23%2C%2C%2C%2C%2C%2C%2C%2CVideo%3A80145240%2C,['Emmy-Winning TV Shows'],False,tt7768848,8.1,"37,277",2018,TV-MA,403 min,"Documentary, Crime","Chapman Way, Maclain Way","Ma Anand Sheela, Philip Toelkes, Jane Stork","When Osho, the world's most controversial guru, builds an Utopian city deep in the Oregon country, conflict with the locals escalates into a national scandal.",Won 1 Primetime Emmy. 2 wins & 13 nominations total,https://m.media-amazon.com/images/M/MV5BODY5ZWY0YzctOGNjMi00MzM0LWFjNDUtNDUxMzI0Mjc1N2Y1XkEyXkFqcGc@._V1_SX300.jpg,,1,series,8.1,37277
The King: Eternal Monarch,81260283,https://occ-0-2087-2164.1.nflxso.net/dnm/api/v6/Qs00mKCpRvrkl3HZAN5KwEL1kpE/AAAABWQf2wUdAtvisx24vjD_lge7Y6BFjKRBz6N1onRglufeH7ECFwnh9VlD7RZshGs0i7n2uBlXT6Kvfgt83_-jWaon7VtmoW92N64.jpg?r=f21,https://www.netflix.com/watch/81260283?tctx=28%2C36%2C%2C%2C%2C%2C%2C%2C%2CVideo%3A81260283%2C,['Epic Worlds'],False,tt11228748,8.1,"19,068",2020,TV-14,70 min,"Fantasy, Mystery, Romance",N/A,"Lee Min-ho, Kim Go-eun, Woo Do-Hwan","A modern-day Korean emperor passes through a mysterious portal and into a parallel world, where he encounters a feisty police detective.",N/A,https://m.media-amazon.com/images/M/MV5BMWVhNjE1OGMtMDkzYS00ZTU2LTg5ZmQtODE5NGQ3ZjgzN2M3XkEyXkFqcGc@._V1_SX300.jpg,,1,series,8.1,19068
The Walking Dead,70177057,https://occ-0-2087-2164.1.nflxso.net/dnm/api/v6/Qs00mKCpRvrkl3HZAN5KwEL1kpE/AAAABbwisHFOlTIJCgbb5BzBiJfaloAZ_4EHhKWLoS5H2_CnGx_fX6LGMiuXCa9S9RXmiFEQSG5geeHCEf2P-wU5zRC79KM_GasMBGE.webp?r=f83,https://www.netflix.com/watch/70177057?tctx=1%2C0%2C%2C%2C%2C%2C%2C%2C%2CVideo%3A70177057%2C,['Continue Watching for parab.aryan'],False,tt1520211,8.1,"1,168,287",2010–2022,TV-MA,44 min,"Drama, Horror, Thriller",N/A,"Norman Reedus, Melissa McBride, Lauren Cohan",Sheriff Deputy Rick Grimes wakes up from a coma to learn the world is in ruins and must lead a group of survivors to stay alive.,Won 2 Primetime Emmys. 86 wins & 237 nominations total,https://m.media-amazon.com/images/M/MV5BYWQwMGRhNGEtZTNhMy00MzVjLWJhMjItYjcwMDljMTkyNTg2XkEyXkFqcGc@._V1_SX300.jpg,,11,series,8.1,1168287
Beckham,81223488,https://occ-0-2087-2164.1.nflxso.net/dnm/api/v6/Qs00mKCpRvrkl3HZAN5KwEL1kpE/AAAABeW2VQNxlKN5VoN5k2D7by3ANd_lej5pLOGyMvx8t2zUFQfCNeF3jQ0YVYbbMVK3KTU_TJ-hfIChb_Kxip8KqGIf72NANfS2a1s.jpg?r=a9c,https://www.netflix.com/watch/81223488?tctx=13%2C22%2C%2C%2C%2C%2C%2C%2C%2CVideo%3A81223488%2C,['Emmy-Winning TV Shows'],False,tt14524712,8.1,"39,736",2023,TV-MA,N/A,"Documentary, Biography, Sport",N/A,"Fisher Stevens, Manchester United F.C., Alex Ferguson","With never-before-seen footage, this docuseries follows David Beckham's meteoric rise from humble beginnings to global football stardom.",Won 1 Primetime Emmy. 4 wins & 11 nominations total,https://m.media-amazon.com/images/M/MV5BZmNmZTU5ZTUtZTc0NS00ZWJlLWFlMzUtMDRmZDgzMDhjNmM0XkEyXkFqcGc@._V1_SX300.jpg,,1,series,8.1,39736
Article 15,81154455,https://occ-0-2087-2164.1.nflxso.net/dnm/api/v6/Qs00mKCpRvrkl3HZAN5KwEL1kpE/AAAABZ_KGWvht1C6ehWs0IcpMV0CB6T56-65datadAM0CgMN4jm7RJSNaAuynRU1gXrATcyRAkiiE4-rK-YRnEgkihD3PVFoYV7lqhU.webp?r=624,https://www.netflix.com/watch/81154455?tctx=7%2C37%2C%2C%2C%2C%2C%2C%2C%2CVideo%3A81154455%2C,"['In a Mood', 'Award Winning Drama Movies', 'Thrillers & Horror Movies', 'Award-Winning Films']",False,tt10324144,8.1,"38,070",2019,Not Rated,130 min,"Crime, Drama, Mystery",Anubhav Sinha,"Ayushmann Khurrana, Nassar, Manoj Pahwa","In the rural heartlands of India, an upright police officer sets out on a crusade against violent caste-based crimes and discrimination.",22 wins & 36 nominations total,https://m.media-amazon.com/images/M/MV5BYmNlMWYzN2MtODNhOC00ZTdhLTk3NzAtNzRkMTg3MWE4ZmJhXkEyXkFqcGc@._V1_SX300.jpg,,,movie,8.1,38070
Dept. Q,81487660,https://occ-0-2087-2164.1.nflxso.net/dnm/api/v6/Qs00mKCpRvrkl3HZAN5KwEL1kpE/AAAABYLkWToJmyPsSAn1aC4wpe38_H3XejjLZ3aBstFk9bcObAwWqAUWcwSascmHHtp5P1gwIdxCJ0ruZhx4AH3LZ3lyJkbpRee46lg.jpg?r=d2f,https://www.netflix.com/watch/81487660?tctx=8%2C16%2C%2C%2C%2C%2C%2C%2C%2CVideo%3A81487660%2C,"['Capricorns Activate Boss Mode', 'Critically Acclaimed Crime TV Dramas', 'Critically Acclaimed TV Dramas', 'Suspense Series Based on Books']",False,tt27995114,8.1,"102,883",2025–,TV-MA,N/A,"Crime, Drama, Mystery",N/A,"Matthew Goode, Alexej Manvelov, Jamie Sives","Carl, a former top-rated detective, is wracked with guilt following an attack that left his partner paralyzed and another policeman dead. On his return to work, Carl is assigned to a cold case that will consume his life.",Nominated for 1 Primetime Emmy. 4 nominations total,https://m.media-amazon.com/images/M/MV5BNWQ3MDQ2MGQtOGM0MC00MzlkLWE0ODQtYzE4Zjc3Mjc1ZWI5XkEyXkFqcGc@._V1_SX300.jpg,,1,series,8.1,102883
Khakee: The Bihar Chapter,81290872,https://occ-0-2087-2164.1.nflxso.net/dnm/api/v6/Qs00mKCpRvrkl3HZAN5KwEL1kpE/AAAABaNHhAwevlt1TmVUdkKDPcuuiyDyIGfFfIULe67ulh36DMBwWCdTZtD4prg5s6Tq6Qgqe49FXPv2MjYowLSpYu-c2I6WbeD-uuI.jpg?r=cd1,https://www.netflix.com/watch/81290872?tctx=4%2C27%2C%2C%2C%2C%2C%2C%2C%2CVideo%3A81290872%2C,"['Criminal Investigation TV Shows', 'So Completely Captivating']",False,tt23037654,8.1,"13,891",2022,TV-MA,N/A,"Action, Crime, Drama",N/A,"Karan Tacker, Avinash Tiwary, Nikita Dutta","As a righteous cop pursues a merciless criminal in Bihar, he finds himself navigating a deadly chase and a moral battle mired in corruption.",8 wins & 14 nominations total,https://m.media-amazon.com/images/M/MV5BY2QzNDZkMWUtZTBkNy00MzMzLWIzMmEtZWFlNzRiZTdhNzFjXkEyXkFqcGc@._V1_SX300.jpg,,1,series,8.1,13891
One Day at a Time,80095532,https://occ-0-2087-2164.1.nflxso.net/dnm/api/v6/Qs00mKCpRvrkl3HZAN5KwEL1kpE/AAAABYQwM2cdstDLrE1ZpB59fd2A0VwUy_HnEpNmQWduhhhsh-yjce0WbxQ3AUlXQa4pSAy8AW3XBHte-6LJVaALDsxoHAuqhRr0DlA.jpg?r=2b2,https://www.netflix.com/watch/80095532?tctx=3%2C28%2C%2C%2C%2C%2C%2C%2C%2CVideo%3A80095532%2C,"['Recovery-mode Recommendations', 'Emmy-Winning TV Shows']",False,tt5339440,8.1,"18,782",2017–2020,TV-PG,2 min,"Comedy, Drama",N/A,"Justina Machado, Todd Grinnell, Isabella Gomez","Follows three generations of the same Cuban-American family living in the same house: a newly divorced former military mother, her teenage daughter and tween son, and her old-school mother.",Won 2 Primetime Emmys. 14 wins & 53 nominations total,https://m.media-amazon.com/images/M/MV5BMTU2OTQ5NDY5Nl5BMl5BanBnXkFtZTgwNTE2NzU2NDM@._V1_SX300.jpg,,4,series,8.1,18782
Killing Eve,80177090,https://occ-0-2087-2164.1.nflxso.net/dnm/api/v6/Qs00mKCpRvrkl3HZAN5KwEL1kpE/AAAABa18volSaSYCkCzZF5K3zRlQK-qLXTL2WmSzrSDxuah5Njpx5k2Rlq5I_XmoPMRz0pMujqLzpx4XhxRkCjN_7ycpvxtUU1JbJGg.webp?r=35c,https://www.netflix.com/watch/80177090?tctx=4%2C21%2C%2C%2C%2C%2C%2C%2C%2CVideo%3A80177090%2C,"['Criminal Investigation TV Shows', 'In a Mood', 'Emmy-Winning TV Shows', 'Award-Winning TV Shows', 'Spies and Secret Agents', 'Critically Acclaimed TV Dramas']",False,tt7016936,8.1,"148,472",2018–2022,TV-14,42 min,"Action, Adventure, Drama",N/A,"Jodie Comer, Sandra Oh, Fiona Shaw","After a series of events, the lives of a security operative and an assassin become inextricably linked.",Won 1 Primetime Emmy. 47 wins & 162 nominations total,https://m.media-amazon.com/images/M/MV5BOWY4NDE3MmQtN2I3OC00NDRjLTk3OWYtNTk5MjhlMDQ0MzU3XkEyXkFqcGc@._V1_SX300.jpg,,4,series,8.1,148472
Adolescence,81756069,https://occ-0-2087-2164.1.nflxso.net/dnm/api/v6/Qs00mKCpRvrkl3HZAN5KwEL1kpE/AAAABRZ4Epv0gCeVBE5MiTgn3IHLRPxYHQNXHqpvMdVSC4og2bzPteeWXeffT-eA3xrMbAIbr8STmB3oyHyW3PRh3s4Z-C_Pvo5m1e8.jpg?r=204,https://www.netflix.com/watch/81756069?tctx=4%2C13%2C%2C%2C%2C%2C%2C%2C%2CVideo%3A81756069%2C,"['Criminal Investigation TV Shows', 'Emmy-Winning TV Shows', 'Award-Winning TV Shows', 'So Completely Captivating', 'TV Dramas', 'Only on Netflix', 'Critically Acclaimed Crime TV Dramas', 'Critically Acclaimed TV Dramas']",False,tt31806037,8.1,"241,405",2025,TV-MA,N/A,"Crime, Drama, Thriller",N/A,"Owen Cooper, Stephen Graham, Ashley Walters","When a 13-year-old is accused of the murder of a classmate, his family, therapist and the detective in charge are all left asking what really happened.",Won 8 Primetime Emmys. 19 wins & 21 nominations total,https://m.media-amazon.com/images/M/MV5BNGY1YjBiNzMtYWZhNC00OWViLWE0MzItNjc4YzczOGNiM2I0XkEyXkFqcGc@._V1_SX300.jpg,,1,series,8.1,241405
CAT,81281063,https://occ-0-2087-2164.1.nflxso.net/dnm/api/v6/Qs00mKCpRvrkl3HZAN5KwEL1kpE/AAAABYDl5GQgWMXHmk-ThTV8rUpL0t1FWiL-f75Ot-ZlA7-0hzyRubAVuq8GJMK3aNiSpK-SwEiw0NEMaoWMzD_X3A7gGvw2mu2kdlM.jpg?r=91d,https://www.netflix.com/watch/81281063?tctx=4%2C9%2C%2C%2C%2C%2C%2C%2C%2CVideo%3A81281063%2C,"['Criminal Investigation TV Shows', 'In a Mood']",False,tt22297578,8.1,"13,388",2022–,TV-MA,N/A,"Crime, Drama, Thriller",N/A,"Randeep Hooda, Abhishant Rana, Suvinder Vicky","A former police informant is forced to become an informant again to save the life of his brother, which forces him to come to terms with his dark past.",2 wins & 3 nominations total,https://m.media-amazon.com/images/M/MV5BY2I0NzNlYWUtNjQzMy00ZmQ4LTk2ZTItOTE5ZmNlZmU2YjBiXkEyXkFqcGc@._V1_SX300.jpg,,1,series,8.1,13388
Business Proposal,81509440,https://occ-0-2087-2164.1.nflxso.net/dnm/api/v6/Qs00mKCpRvrkl3HZAN5KwEL1kpE/AAAABZNJ0ON0IqjPVLK5iKDZ17qv9iRzrs6DOb-1vkfzeCT42q6KM2q95mDqmU5-1SA4--JeDnrnlBZOQ0GJbMkzDjbLwJ-K-1weE94.jpg?r=c6d,https://www.netflix.com/watch/81509440?tctx=3%2C14%2C%2C%2C%2C%2C%2C%2C%2CVideo%3A81509440%2C,['Recovery-mode Recommendations'],False,tt14819828,8.1,"37,329",2022,TV-14,30S min,"Comedy, Drama, Romance",N/A,"Ahn Hyo-seop, Kim Sejeong, Kim Min-kyu","In disguise as her friend, Ha-ri shows up to a blind date to scare him away. But plans go awry when he turns out to be her CEO - and makes a proposal.",1 win total,https://m.media-amazon.com/images/M/MV5BYWM2NTM4MTktNDFiNi00NTI3LThiZTgtZmJiZTQ2NzdhNDE3XkEyXkFqcGc@._V1_SX300.jpg,,1,series,8.1,37329
Lucifer,80057918,https://occ-0-2087-2164.1.nflxso.net/dnm/api/v6/Qs00mKCpRvrkl3HZAN5KwEL1kpE/AAAABTE8FlF-ADjmOOLB-GfWvf3ewv7GYJIU7uVKI2VxBCHIfiCeuKVcDe6RrFtkSpTD1_O-S1U00Tv76inNVWuEVfSBGaD2GJW0Mpw.jpg?r=1c3,https://www.netflix.com/watch/80057918?tctx=4%2C2%2C%2C%2C%2C%2C%2C%2C%2CVideo%3A80057918%2C,['Criminal Investigation TV Shows'],False,tt4052886,8.0,"384,394",2016–2021,TV-14,42 min,"Crime, Drama, Fantasy",N/A,"Tom Ellis, Lauren German, Kevin Alejandro",Lucifer Morningstar has decided he's had enough of being the dutiful servant in Hell and decides to spend some time on Earth to better understand humanity. He settles in Los Angeles - the City of Angels.,Nominated for 1 Primetime Emmy. 2 wins & 20 nominations total,https://m.media-amazon.com/images/M/MV5BYzMwNzI3MWItZTIzYi00YjkxLThhOWQtYmUwYjg4NWM0ZWI1XkEyXkFqcGc@._V1_SX300.jpg,,6,series,8.0,384394
Kaala Paani,81314368,https://occ-0-2087-2164.1.nflxso.net/dnm/api/v6/Qs00mKCpRvrkl3HZAN5KwEL1kpE/AAAABfsKDV6Dtp8_STVLww25nzzokpsimMIAmeJYUJBIrcqfPQejo1qmVuUTKWzfAdQvXkrYvFeQH4tJgo6dcNpDLXPUP6BMmHtp6XA.jpg?r=52d,https://www.netflix.com/watch/81314368?tctx=7%2C28%2C%2C%2C%2C%2C%2C%2C%2CVideo%3A81314368%2C,"['In a Mood', 'Because you watched Dabba Cartel', 'Because you watched Ulajh']",False,tt19072562,8.0,"11,301",2023–,TV-MA,N/A,"Drama, Thriller",N/A,"Sukant Goel, Amey Wagh, Arushi Sharma","When a mysterious illness descends upon the Andaman and Nicobar Islands, a desperate fight for survival collides with a race to find a cure.",6 wins & 13 nominations total,https://m.media-amazon.com/images/M/MV5BNmExZTcxODAtNWE1MS00OGU3LWFlZTktZDM0ZjE2YWE2OTQ4XkEyXkFqcGc@._V1_SX300.jpg,,N/A,series,8.0,11301
Travelers,80105699,https://occ-0-2087-2164.1.nflxso.net/dnm/api/v6/Qs00mKCpRvrkl3HZAN5KwEL1kpE/AAAABasYB83Dwm03pxH7QnqeyvNwMSjKi4rjB8b3ZeSsGThC31xk1VUtqzDJTDqTtJ0BPJwlni9DBWbv7ZhlHWmMhepWLHjF9dimX6A.jpg?r=af4,https://www.netflix.com/watch/80105699?tctx=2%2C6%2C%2C%2C%2C%2C%2C%2C%2CVideo%3A80105699%2C,"['Now Leaving Hawkins, Indiana', 'Sci-Fi TV']",False,tt5651844,8.0,"69,734",2016–2018,TV-MA,45 min,"Drama, Mystery, Sci-Fi",N/A,"Eric McCormack, MacKenzie Porter, Nesta Cooper","Hundreds of years from now, surviving humans discover how to send consciousness back through time, into people of the 21st century, while attempting to change the path of humanity.",4 wins & 16 nominations total,https://m.media-amazon.com/images/M/MV5BMjUzOTQwOTg1MF5BMl5BanBnXkFtZTgwNzE4NzQ3NjM@._V1_SX300.jpg,,3,series,8.0,69734
BEEF,81447461,https://occ-0-2087-2164.1.nflxso.net/dnm/api/v6/Qs00mKCpRvrkl3HZAN5KwEL1kpE/AAAABVwN2x0l7BthtD9aAFKkCby2Dl17ZUFLauosQpGm49z4PkcoGHTTknAyNJ5VBApToobSErPufWy-FNJz-GqV33xNzKqL3tNwQiY.jpg?r=1cf,https://www.netflix.com/watch/81447461?tctx=7%2C13%2C%2C%2C%2C%2C%2C%2C%2CVideo%3A81447461%2C,"['In a Mood', 'Emmy-Winning TV Shows', 'Award-Winning TV Shows', 'US TV Shows Dubbed in Hindi']",False,tt14403178,8.0,"158,257",2023–,TV-MA,N/A,"Comedy, Drama",N/A,"Steven Yeun, Ali Wong, Joseph Lee",Two people let a road rage incident burrow into their minds and slowly consume their every thought and action.,Won 8 Primetime Emmys. 44 wins & 46 nominations total,https://m.media-amazon.com/images/M/MV5BYzgxYzg0NmEtNzdhMy00NjFiLTg1MTQtM2EzMDRiOGEwZjI2XkEyXkFqcGc@._V1_SX300.jpg,,2,series,8.0,158257
Bodyguard,80235864,https://occ-0-2087-2164.1.nflxso.net/dnm/api/v6/Qs00mKCpRvrkl3HZAN5KwEL1kpE/AAAABc_OIjolRvkH3lNlzzieYLTI1OKeO4WN7nAW--bewErX_h4XFQOfk21aKZPPR4i_gYWTm6kR2ObJVEQWIbnrau1w8WJez9u6K0M.jpg?r=d72,https://www.netflix.com/watch/80235864?tctx=15%2C31%2C%2C%2C%2C%2C%2C%2C%2CVideo%3A80235864%2C,"['Award-Winning TV Shows', 'So Completely Captivating', 'TV Dramas', 'Bingeworthy Suspenseful TV Shows', 'Exciting TV Shows', 'Only on Netflix', 'Critically Acclaimed Crime TV Dramas', 'Critically Acclaimed TV Dramas', 'My List']",False,tt7493974,8.0,"163,511",2018,TV-MA,60 min,"Crime, Drama, Mystery",N/A,"Richard Madden, Sophie Rundle, Vincent Franklin","War veteran David Budd finds work as a police sergeant in the Royalty and Specialist Protection branch. He is assigned to protect the home secretary, the Rt. Hon. Julia Montague MP, a controversial and ambitious politician.",Nominated for 2 Primetime Emmys. 17 wins & 30 nominations total,https://m.media-amazon.com/images/M/MV5BN2I0NWE2Y2QtM2I3YS00MzRlLThlMjAtMDViNGMwNjRhZjVlXkEyXkFqcGc@._V1_SX300.jpg,,1,series,8.0,163511
Wednesday,81231974,https://occ-0-2087-2164.1.nflxso.net/dnm/api/v6/Qs00mKCpRvrkl3HZAN5KwEL1kpE/AAAABQlf4hXSYtqi_JQXZcvChQ6Jj1L63pgHw6JWs6qns_sefKoAHuMXdbwGtO2tQc6_AZJeZtmajTvrjxqalLb1zvIolnxeamwvNHs.jpg?r=be4,https://www.netflix.com/watch/81231974?tctx=2%2C13%2C%2C%2C%2C%2C%2C%2C%2CVideo%3A81231974%2C,"['Now Leaving Hawkins, Indiana', 'In a Mood', 'Emmy-Winning TV Shows', 'Award-Winning TV Shows', 'US TV Shows Dubbed in Hindi']",False,tt13443470,8.0,"480,900",2022–,TV-14,N/A,"Comedy, Crime, Fantasy",N/A,"Jenna Ortega, Hunter Doohan, Emma Myers","Follows Wednesday Addams' years as a student, when she attempts to master her emerging psychic ability, thwart a killing spree, and solve the mystery that embroiled her parents.",Won 4 Primetime Emmys. 23 wins & 65 nominations total,https://m.media-amazon.com/images/M/MV5BMDE1NjNmZjgtZTg0OC00NjkxLWEzYzItMDNkMTc3YjgxZWQyXkEyXkFqcGc@._V1_SX300.jpg,,3,series,8.0,480900
Orange Is the New Black,70242311,https://occ-0-2087-2164.1.nflxso.net/dnm/api/v6/Qs00mKCpRvrkl3HZAN5KwEL1kpE/AAAABe6aNhyLOyCzW24GN3r7BS075pP8tPzzwkUFIkLX6ekcmDS42M8FOYeQ4lQWBhmgrtj_SNVX9JIoHQZL8SYZQlHNNzBXwC6sxn0.jpg?r=1b3,https://www.netflix.com/watch/70242311?tctx=7%2C12%2C%2C%2C%2C%2C%2C%2C%2CVideo%3A70242311%2C,"['In a Mood', 'Acclaimed Writers', 'Emmy-Winning TV Shows', 'Award-Winning TV Shows', 'TV Dramas', 'US TV Shows Dubbed in Hindi']",False,tt2372162,8.0,"331,217",2013–2019,TV-MA,59 min,"Comedy, Crime, Drama",N/A,"Taylor Schilling, Danielle Brooks, Taryn Manning","Convicted of a decade-old crime of transporting drug money, ordinarily law-abiding Piper Chapman is sentenced to 18 months behind bars and quickly discovers the realities of life-changing prison time.",Won 4 Primetime Emmys. 59 wins & 163 nominations total,https://m.media-amazon.com/images/M/MV5BNjRjMTAyYjUtZDk0Mi00OGQ5LWJjNzMtMzBhNDMwMmI5NzVjXkEyXkFqcGc@._V1_SX300.jpg,,7,series,8.0,331217
The Good Doctor,80176893,https://occ-0-2087-2164.1.nflxso.net/dnm/api/v6/Qs00mKCpRvrkl3HZAN5KwEL1kpE/AAAABdV01lwbPj1unlgSJS0Aynp9MlTnTfZFhDrS_b-60EWSfgmD293EZl22W8w7GMV18jqBK3QWumrCr02CbXsuP5vTN9Z2N2KVzfO1SS81P3O8cW2AuwG5xp94CAvGOLuM7tI7__emvVrNQiFSrMwU_g8WUuz1YDfizlGXOlI.webp?r=844,https://www.netflix.com/watch/80176893?tctx=8%2C0%2C%2C%2C%2C%2C%2C%2C%2CVideo%3A80176893%2C,"['Capricorns Activate Boss Mode', 'New on Netflix']",False,tt6470478,8.0,"125,528",2017–2024,TV-14,41 min,Drama,N/A,"Freddie Highmore, Richard Schiff, Hill Harper","Shaun Murphy, a young surgeon with autism and Savant syndrome, is recruited into the surgical unit of a prestigious hospital.",7 wins & 30 nominations total,https://m.media-amazon.com/images/M/MV5BZjY0ZWNkNjMtYzdkOC00MmM4LThjYzUtN2UyZWMxODk0ZjhiXkEyXkFqcGc@._V1_SX300.jpg,,7,series,8.0,125528
Scent of a Woman,937499,https://occ-0-2087-2164.1.nflxso.net/dnm/api/v6/Qs00mKCpRvrkl3HZAN5KwEL1kpE/AAAABQo52J60OCvR9iLEDYyZrx0iSutWghtPt4wr7a5jsAF1s6Ly7fPpOMhJGwNKnIaWMIOLSMCTKdw3hSeSTSN4nSVECKQ8ZZVlYEQ.webp?r=bd4,https://www.netflix.com/watch/937499?tctx=14%2C36%2C%2C%2C%2C%2C%2C%2C%2CVideo%3A937499%2C,"['Award Winning Drama Movies', 'Award-Winning Films']",False,tt0105323,8.0,"357,241",1992,R,156 min,Drama,Martin Brest,"Al Pacino, Chris O'Donnell, James Rebhorn","A prep school student needing money agrees to ""babysit"" a blind man, but the job is not at all what he anticipated.",Won 1 Oscar. 6 wins & 14 nominations total,https://m.media-amazon.com/images/M/MV5BNzc5ODg2NzMtYTQ4MS00MWFiLWI5NWMtNWNkODNmZjE0ZGVjXkEyXkFqcGc@._V1_SX300.jpg,,,movie,8.0,357241
The End of the F***ing World,80175722,https://occ-0-2087-2164.1.nflxso.net/dnm/api/v6/Qs00mKCpRvrkl3HZAN5KwEL1kpE/AAAABRsTz5jDPxQPEDMgw53ZYoTZD41RLW7Si0G6k4jUHa-sV-pbQzaEgUo4eWQG7UO_G7xJy_ePU70F5GtnBxaTxkij9Nnaqy7qz5c.jpg?r=69f,https://www.netflix.com/watch/80175722?tctx=15%2C39%2C%2C%2C%2C%2C%2C%2C%2CVideo%3A80175722%2C,['Award-Winning TV Shows'],False,tt6257970,8.0,"237,714",2017–2019,TV-MA,25 min,"Adventure, Comedy, Crime",N/A,"Jessica Barden, Alex Lawther, Steve Oram","James is 17 and is pretty sure he is a psychopath. Alyssa, also 17, is the cool and moody new girl at school. The pair make a connection and she persuades him to embark on a road trip in search of her real father.",Nominated for 2 Primetime Emmys. 12 wins & 17 nominations total,https://m.media-amazon.com/images/M/MV5BNTVkZTI3MmMtMDY1Yi00NjJhLTgyYTctNWE1OTJkNmZiZjdlXkEyXkFqcGc@._V1_SX300.jpg,,2,series,8.0,237714
Don't F**k with Cats: Hunting an Internet Killer,81031373,https://occ-0-2087-2164.1.nflxso.net/dnm/api/v6/Qs00mKCpRvrkl3HZAN5KwEL1kpE/AAAABdf2wkj8pEM3IwKYfPptOUQgpS-hKJAIUpGwVimiCa621SsgykKgxVeiLY6EEh9YotIaysar5k-qaqtchanbURukAAk0a0azKhQ.jpg?r=936,https://www.netflix.com/watch/81031373?tctx=4%2C35%2C%2C%2C%2C%2C%2C%2C%2CVideo%3A81031373%2C,"['Criminal Investigation TV Shows', 'Emmy-Winning TV Shows']",False,tt11318602,8.0,"68,155",2019,TV-MA,187 min,"Documentary, Crime, Mystery",N/A,"Deanna Thompson, John Green, Luka Rocco Magnotta",A group of online justice seekers track down a guy who posted a video of himself killing kittens.,Won 1 Primetime Emmy. 2 wins & 5 nominations total,https://m.media-amazon.com/images/M/MV5BNmJhMjdhMmYtNTI0NS00OGIzLWIzZGItZTQ4NzI4ZWU0ZjYyXkEyXkFqcGc@._V1_SX300.jpg,,1,series,8.0,68155
That Time I Got Reincarnated as a Slime,81028712,https://occ-0-2087-2164.1.nflxso.net/dnm/api/v6/Qs00mKCpRvrkl3HZAN5KwEL1kpE/AAAABZR4u4sqPSL_UZPTUIHfLqhy-gw0rztvngsAAzGCyW3lUN6zfndcSjLaFA_RjJwrl7k-MudYAgKxCHisoMBq5jxODo0tbnd1qpI.webp?r=1a9,https://www.netflix.com/watch/81028712?tctx=22%2C2%2C%2C%2C%2C%2C%2C%2C%2CVideo%3A81028712%2C,['Exciting TV Shows'],False,tt9054364,8.0,"22,072",2018–,TV-PG,25 min,"Animation, Action, Adventure",N/A,"Miho Okasaki, Megumi Toyoguchi, Brittney Karbowski",Average 37-year-old Minami Satoru dies and is reincarnated as the most unremarkable creature imaginable-a slime.,11 wins & 19 nominations total,https://m.media-amazon.com/images/M/MV5BOTczMjM3MDUtYmZjMC00YzZhLWE4ODQtNjg5YWU4NTJjNzY2XkEyXkFqcGc@._V1_SX300.jpg,,3,series,8.0,22072
The Revenant,80064516,https://occ-0-2087-2164.1.nflxso.net/dnm/api/v6/Qs00mKCpRvrkl3HZAN5KwEL1kpE/AAAABRhhLuhygqpX3pRUu-_5tevU9FuwlqXVvcISJ7lFdQZ7tYkMsm9ZYlvzyxLlPxwYP8lM9RS-Eff3INnp_nT2vHVhG9ersC8zkcA.webp?r=ab0,https://www.netflix.com/watch/80064516?tctx=14%2C32%2C%2C%2C%2C%2C%2C%2C%2CVideo%3A80064516%2C,"['Award Winning Drama Movies', 'Because you watched Uncharted', 'Award-Winning Films']",False,tt1663202,8.0,"929,649",2015,R,156 min,"Adventure, Drama, Western",Alejandro G. Iñárritu,"Leonardo DiCaprio, Tom Hardy, Will Poulter",A frontiersman on a fur trading expedition in the 1820s fights for survival after being mauled by a bear and left for dead by members of his own hunting team.,Won 3 Oscars. 94 wins & 193 nominations total,https://m.media-amazon.com/images/M/MV5BYTgwNmQzZDctMjNmOS00OTExLTkwM2UtNzJmOTJhODFjOTdlXkEyXkFqcGc@._V1_SX300.jpg,,,movie,8.0,929649
The Rookie,81666165,https://occ-0-2087-2164.1.nflxso.net/dnm/api/v6/Qs00mKCpRvrkl3HZAN5KwEL1kpE/AAAABcab9Soa7KBgwIWvK59vyFU2CkYxdp6zDmXvfuCjpUn9Oywt9pV_WwBjxh603KYQy_KUxzdlaqVL46SNe-6d07k93BseVWn1vBFd49dQvbHs4q0sZvBYDnpzkOYtZVpUKThjW16_8a5LrsCEOEmt2EhvM9xlj1mQ4ZFdlAguRqRPBXg88PNkg5dQNMeAn087jrXAv3D9h6ZwBfAjqsY2_axwthuFSZ9FxfctU8IOcHlg6xhVMC6G12Pp8BoXphGNA01f6EsWCIB0KQn-qvwqM7qfcdRPaa3UHq-QDMROJHnzUSMSPG2p9EfZ0drYww.webp?r=5ed,https://www.netflix.com/watch/81666165?tctx=4%2C0%2C%2C%2C%2C%2C%2C%2C%2CVideo%3A81666165%2C,['Criminal Investigation TV Shows'],False,tt7587890,8.0,"116,400",2018–,TV-14,43 min,"Action, Crime, Drama",N/A,"Nathan Fillion, Alyssa Diaz, Richard T. Jones","Starting over isn't easy, especially for John Nolan who, after a life-altering incident, is pursuing his dream of joining the LAPD. As their oldest rookie, he's met with skepticism from those who see him as just a walking midlife ...",Nominated for 5 Primetime Emmys. 3 wins & 8 nominations total,https://m.media-amazon.com/images/M/MV5BMzc2MDdkZDUtZjZlYy00MGMyLWJkNzUtMTMxY2FkZjZjYmEyXkEyXkFqcGc@._V1_SX300.jpg,,8,series,8.0,116400
Maamla Legal Hai,81480217,https://occ-0-2087-2164.1.nflxso.net/dnm/api/v6/Qs00mKCpRvrkl3HZAN5KwEL1kpE/AAAABf_w-3VcB7TOounnj7dk3isUTpd66I3BY8-Nu_RVHkzJb0kUnrgJ0xcl8zrcYj77onnAjaq2Z_HLOaq4FhDeunz63EsMLcvGuWc.jpg?r=c56,https://www.netflix.com/watch/81480217?tctx=8%2C22%2C%2C%2C%2C%2C%2C%2C%2CVideo%3A81480217%2C,"['Capricorns Activate Boss Mode', 'Wanna Feel Like It’ll All Work Out?']",False,tt31183656,8.0,"10,079",2024–,TV-MA,N/A,"Comedy, Drama",N/A,"Ravi Kishan, Naila Grrewal, Nidhi Bisht","Chaos collides with the letter of the law at District Court Patparganj, where quirky employees work to uphold justice but not without a few objections.",1 win & 4 nominations,https://m.media-amazon.com/images/M/MV5BY2QyNjUyN2MtMjRiNC00ZmFiLTg0YjQtNTQ3MWQ3MmQ4NWIzXkEyXkFqcGc@._V1_SX300.jpg,,1,series,8.0,10079
I'm not a robot,81042328,https://occ-0-2087-2164.1.nflxso.net/dnm/api/v6/Qs00mKCpRvrkl3HZAN5KwEL1kpE/AAAABVbHRVY7Gt0VnPLb7N-imL4RvcDN1d0nLYVUtSzApBtyhDzjYTQUiDzvtYRG7LnsqOsGhxsb7RvLmkxq8sp8NrWNEKlfdJIyLwg.webp?r=3c9,https://www.netflix.com/watch/81042328?tctx=3%2C39%2C%2C%2C%2C%2C%2C%2C%2CVideo%3A81042328%2C,['Recovery-mode Recommendations'],False,tt7521778,8.0,"8,205",2017–2018,TV-14,42S min,"Comedy, Romance, Sci-Fi",N/A,"Chae Soo-bin, Hwang Seung-eon, Park Se-wan","Kim Min Gyu has wealth and success, but lives an isolated life due to his allergy of people. He then meets and falls in love with a girl who is pretending to be a robot for her ex-boyfriend, a genius robots professor.",N/A,https://m.media-amazon.com/images/M/MV5BZjk1YmVkYmQtNjRjMS00ODM5LTk0YzgtMjhjZWFlMWRiNWVjXkEyXkFqcGc@._V1_SX300.jpg,,1,series,8.0,8205
The Diplomat,81288983,https://occ-0-2087-2164.1.nflxso.net/dnm/api/v6/Qs00mKCpRvrkl3HZAN5KwEL1kpE/AAAABQcG18WryyGEFoTgiSrWhNwbIQMCGhh5QUhH_-n6nZTXUCPnld6VMsdcQIcrsS4FLolr-ftCeuR5MpZpTAhJYy-kJged9OdK2jo.jpg?r=a2f,https://www.netflix.com/watch/81288983?tctx=8%2C4%2C%2C%2C%2C%2C%2C%2C%2CVideo%3A81288983%2C,"['Capricorns Activate Boss Mode', 'New on Netflix', 'Award-Winning TV Shows', 'So Completely Captivating', 'TV Dramas', 'Only on Netflix', 'Because you watched Ulajh', 'Critically Acclaimed TV Dramas', 'US TV Shows Dubbed in Hindi']",False,tt17491088,8.0,"92,010",2023–,TV-MA,N/A,"Drama, Thriller",N/A,"Keri Russell, Rufus Sewell, David Gyasi","In the midst of an international crisis, Kate Wyler, a career diplomat, lands in a high-profile job for which she is not suited, with tectonic implications for her marriage and her political future.",Nominated for 3 Primetime Emmys. 4 wins & 41 nominations total,https://m.media-amazon.com/images/M/MV5BNWRlNGE3MjAtMGQ2NC00NGNiLWFiM2QtYjRlNmQ1MmI2ZjhiXkEyXkFqcGc@._V1_SX300.jpg,,3,series,8.0,92010
Into the Wild,70075064,https://occ-0-2087-2164.1.nflxso.net/dnm/api/v6/Qs00mKCpRvrkl3HZAN5KwEL1kpE/AAAABVPCYpgWhYYmqq9clLlet8ZwCd1nVmeAASe2S0L5U3IJtev5jZHoVP9h2l2J8ofSykch4n7uFiuSRCE7bvPX1X6Qqo3o0f83IlA.webp?r=ec4,https://www.netflix.com/watch/70075064?tctx=11%2C29%2C%2C%2C%2C%2C%2C%2C%2CVideo%3A70075064%2C,"['Acclaimed Writers', 'Award Winning Drama Movies', 'Award-Winning Films']",False,tt0758758,8.0,"690,960",2007,R,148 min,"Adventure, Biography, Drama",Sean Penn,"Emile Hirsch, Vince Vaughn, Catherine Keener","After graduating from Emory University, top student and athlete Christopher McCandless abandons his possessions, gives his entire $24,000 savings account to charity and hitchhikes to Alaska to live in the wilderness.",Nominated for 2 Oscars. 23 wins & 106 nominations total,https://m.media-amazon.com/images/M/MV5BNTgwZTJhNWMtNzVjMy00YzQzLWI4MTAtYmJhOGQ5ZmQ3MDM0XkEyXkFqcGc@._V1_SX300.jpg,,,movie,8.0,690960
The Billion Dollar Code,81074012,https://occ-0-2087-2164.1.nflxso.net/dnm/api/v6/Qs00mKCpRvrkl3HZAN5KwEL1kpE/AAAABey9vRWCWrBouzBSs6789cKM1G9G0Qid38txVWNlNs5qtMDewI3-SV7OfViekIb6zWGLeCSJJWNhX32Vl9LB12OQf5pHc9UOkIU.jpg?r=755,https://www.netflix.com/watch/81074012?tctx=8%2C33%2C%2C%2C%2C%2C%2C%2C%2CVideo%3A81074012%2C,['Capricorns Activate Boss Mode'],False,tt15392100,8.0,"11,944",2021,TV-MA,1 min,"Biography, Crime, Drama",N/A,"Leonard Scheicher, Marius Ahrendt, Mark Waschke","In 1990s Berlin, an artist and a hacker invented a new way to see the world. Years later, they reunite to sue Google for patent infringement on it.",1 win & 5 nominations total,https://m.media-amazon.com/images/M/MV5BYzVmYWFkNDQtMWI1MC00ZWQyLTkzNzktZWQ0MTZkZTZhMTE0XkEyXkFqcGc@._V1_SX300.jpg,,1,series,8.0,11944
Squid Game,81040344,https://occ-0-2087-2164.1.nflxso.net/dnm/api/v6/Qs00mKCpRvrkl3HZAN5KwEL1kpE/AAAABUhH02hsIB0ijTq5mP5Cvgzc_mwnt4ryPWqL3fF6ofR2OfA4G59rgvG8goBzDtk1afy1aJgR9-6uZaobhwn2JU16AGARlEuIa68.jpg?r=57e,https://www.netflix.com/watch/81040344?tctx=13%2C20%2C%2C%2C%2C%2C%2C%2C%2CVideo%3A81040344%2C,"['Emmy-Winning TV Shows', 'So Completely Captivating', 'Bingeworthy Suspenseful TV Shows', 'Only on Netflix', 'Critically Acclaimed TV Dramas']",False,tt10919420,8.0,"735,369",2021–2025,TV-MA,N/A,"Action, Crime, Drama",N/A,"Lee Jung-jae, Halley Kim, Wi Ha-joon","Hundreds of cash-strapped players accept a strange invitation to compete in children's games. A tempting prize awaits, but with deadly high stakes.",Won 6 Primetime Emmys. 54 wins & 89 nominations total,https://m.media-amazon.com/images/M/MV5BYTU3ZDVhNmMtMDVlNC00MDc0LTgwNDMtYWE5MTI2ZGI4YWIwXkEyXkFqcGc@._V1_SX300.jpg,,3,series,8.0,735369
Altered Carbon,80097140,https://occ-0-2087-2164.1.nflxso.net/dnm/api/v6/Qs00mKCpRvrkl3HZAN5KwEL1kpE/AAAABSrCBqw9Fim2tCtLCW3gPTnyEWvKAajbJQzfVY1zK16_eaUJYLDp4hK70vKwpTaE0PJbIrRPEYN4XPkHG2zZ1pgO3f5OVbUTJtk.jpg?r=137,https://www.netflix.com/watch/80097140?tctx=5%2C20%2C%2C%2C%2C%2C%2C%2C%2CVideo%3A80097140%2C,"['Sci-Fi TV', 'US TV Thrillers']",False,tt2261227,7.9,"200,099",2018–2020,TV-MA,60 min,"Action, Adventure, Drama",N/A,"Chris Conner, Renée Elise Goldsberry, Will Yun Lee","Set in a future where consciousness is digitized and stored, a prisoner returns to life in a new body and must solve a mind-bending murder to win his freedom.",Nominated for 2 Primetime Emmys. 4 wins & 27 nominations total,https://m.media-amazon.com/images/M/MV5BNTY4MWY1ZDktZjQxZS00ZDc5LWE3OTctZDU5MzQ2ZWU5ZTJkXkEyXkFqcGc@._V1_SX300.jpg,,2,series,7.9,200099
Blue Box,81663323,https://occ-0-2087-2164.1.nflxso.net/dnm/api/v6/Qs00mKCpRvrkl3HZAN5KwEL1kpE/AAAABTFyl1WeoJFav62ETjmhdRCGkxnGoRcx1BycJR3PRgVPjra_L1xP_8YrSOYjflhR0SmeJNPYUjQqirZKeYEEE7_h27u5_FFSegU.jpg?r=c59,https://www.netflix.com/watch/81663323?tctx=3%2C32%2C%2C%2C%2C%2C%2C%2C%2CVideo%3A81663323%2C,['Recovery-mode Recommendations'],False,tt32639706,7.9,"5,422",2024–,TV-PG,N/A,"Animation, Comedy, Romance",N/A,"Zach Aguilar, Reina Ueda, Xanthe Huynh","Third-year student Taiki joins badminton club. Despite being an early riser, star player Chinatsu, his crush, arrives first. Living together unexpectedly, Taiki strives to reach Nationals to impress Chinatsu.",2 wins total,https://m.media-amazon.com/images/M/MV5BYTNhNmQ0ZjgtY2M4ZS00NTlhLTg1MDQtNDA2MzhkOTMyMzdmXkEyXkFqcGc@._V1_SX300.jpg,,1,series,7.9,5422
Juvenile Justice,81312802,https://occ-0-2087-2164.1.nflxso.net/dnm/api/v6/Qs00mKCpRvrkl3HZAN5KwEL1kpE/AAAABUdlP7GgpB8utrYeOjLOYZh8B5DRJwcrEcIdy2_VghBAA5ouTzFct_HOeMWPALbEi34jxd3Q4Z1lONB8FK0neRZa3QwY1oJkN-s.jpg?r=c02,https://www.netflix.com/watch/81312802?tctx=29%2C18%2C%2C%2C%2C%2C%2C%2C%2CVideo%3A81312802%2C,['Critically Acclaimed Crime TV Dramas'],False,tt15553922,7.9,"6,068",2022,TV-MA,1 min,"Crime, Drama",N/A,"Kim Hye-su, Kim Mu-yeol, Lee Sung-min","A prickly judge who despises juvenile criminals arrives at a juvenile court, where she takes on a complex role examining punishment for young offenders.",3 nominations total,https://m.media-amazon.com/images/M/MV5BYTY0MmUzMTQtNTdmZS00NDE4LWE2ODMtMGJhNzM3NDE5YmZhXkEyXkFqcGc@._V1_SX300.jpg,,1,series,7.9,6068
The Blacklist,70281312,https://occ-0-2087-2164.1.nflxso.net/dnm/api/v6/Qs00mKCpRvrkl3HZAN5KwEL1kpE/AAAABbOWsy6PHbafQL7FE4xQjfkzyh53HzWSjg4GY_Bhg-qUHD_1-nncXnK7B-ErEbBvjCUwVjX9FI_YNR2i_HFn3YTJWz2efJoYJMw.webp?r=e13,https://www.netflix.com/watch/70281312?tctx=4%2C4%2C%2C%2C%2C%2C%2C%2C%2CVideo%3A70281312%2C,"['Criminal Investigation TV Shows', 'Exciting TV Shows']",False,tt2741602,7.9,"297,041",2013–2023,TV-14,43 min,"Crime, Drama, Mystery",N/A,"James Spader, Megan Boone, Diego Klattenhoff","A new FBI profiler, Elizabeth Keen, has her entire life uprooted when a mysterious criminal, Raymond Reddington, who has eluded capture for decades, turns himself in and insists on speaking only to her.",Won 1 Primetime Emmy. 3 wins & 33 nominations total,https://m.media-amazon.com/images/M/MV5BNDk4MGU4NTItNDMyMC00NjQ0LWFlMWUtYzJlMTM1M2M2ZTU3XkEyXkFqcGc@._V1_SX300.jpg,,10,series,7.9,297041
Boy Swallows Universe,81449940,https://occ-0-2087-2164.1.nflxso.net/dnm/api/v6/Qs00mKCpRvrkl3HZAN5KwEL1kpE/AAAABdK84v0aSt2Ne7hLjelHgSAbLuY0Ouu_vkACC8MEC6fpuNkRCp1HI8Q0mdLN3VDVgerMrVELuAfGxbcQb2FbOqThuNRMBOnSziM.jpg?r=e2f,https://www.netflix.com/watch/81449940?tctx=29%2C29%2C%2C%2C%2C%2C%2C%2C%2CVideo%3A81449940%2C,"['Critically Acclaimed Crime TV Dramas', 'Suspense Series Based on Books']",False,tt10399902,7.9,"21,579",2024,TV-MA,N/A,"Crime, Drama, Mystery",N/A,"Simon Baker, Bryan Brown, Phoebe Tonkin","In 1980s Brisbane, a precocious boy and his selectively mute brother embark on a suburban odyssey of love, redemption, and retribution after their family is torn apart by a drug lord.",19 wins & 20 nominations total,https://m.media-amazon.com/images/M/MV5BYTUwZWY4ZWItZDk0Yy00NDNmLTkxYTUtNTI5OTg3MWQ4MzI0XkEyXkFqcGc@._V1_SX300.jpg,,1,series,7.9,21579
Boots,81427990,https://occ-0-2087-2164.1.nflxso.net/dnm/api/v6/Qs00mKCpRvrkl3HZAN5KwEL1kpE/AAAABc7nQJj_-LLmFJ6oGwbfezjNLucShnf1ha6N1v3QE4uqGydycrtGB-4JpCVbcx0WykMyv8hMh5IQAJd7Q42zCVOFvFOvSlz09c4.jpg?r=d94,https://www.netflix.com/watch/81427990?tctx=31%2C0%2C%2C%2C%2C%2C%2C%2C%2CVideo%3A81427990%2C,['Critically Acclaimed TV Dramas'],False,tt27987047,7.9,"22,243",2025,TV-MA,N/A,"Comedy, Drama, History",N/A,"Miles Heizer, Ana Ayora, Blake Burt","Bullied gay teen Cameron joins the Marine Corps with his best friend despite risks. In boot camp they experience profound personal change amid danger, as their platoon confronts both literal and figurative landmines.",N/A,https://m.media-amazon.com/images/M/MV5BNjQ5ODViMGItMTFmMy00Y2NiLTk4NDYtMGY3ZWFhNDZiODM2XkEyXkFqcGc@._V1_SX300.jpg,,1,series,7.9,22243
Dead to Me,80219707,https://occ-0-2087-2164.1.nflxso.net/dnm/api/v6/Qs00mKCpRvrkl3HZAN5KwEL1kpE/AAAABSI7rOMYcWErO5IO754kk1YiRc7k-75MxFRjMAuwzoqCz69R65xx8ljdrsC6rQ3e2bALlr5a5CYMICVyE7JgD4aF9H_ILqwU5PY.jpg?r=cda,https://www.netflix.com/watch/80219707?tctx=7%2C6%2C%2C%2C%2C%2C%2C%2C%2CVideo%3A80219707%2C,"['In a Mood', 'Award-Winning TV Shows', 'US TV Shows Dubbed in Hindi']",False,tt8064302,7.9,"107,943",2019–2022,TV-MA,30 min,"Comedy, Crime, Drama",N/A,"Christina Applegate, Linda Cardellini, Sam McCarthy",A series about a powerful friendship that blossoms between a tightly wound widow and a free spirit with a shocking secret.,Nominated for 6 Primetime Emmys. 5 wins & 61 nominations total,https://m.media-amazon.com/images/M/MV5BODFhNzI1ZjgtMTFmNC00MTkyLTg0NTItMTkzYzk4MDFjNzdhXkEyXkFqcGc@._V1_SX300.jpg,,3,series,7.9,107943
The Perks of Being a Wallflower,70243461,https://occ-0-2087-2164.1.nflxso.net/dnm/api/v6/Qs00mKCpRvrkl3HZAN5KwEL1kpE/AAAABXE0egRmT-93VTiuMsD1E7zgG-mgJanOz-GxlUEtsp36DUvKIGxy9AYUCB7u1ddDRh16hKUPn5fnD3GU46SM3LdVExV5rSNuQ9Y.webp?r=099,https://www.netflix.com/watch/70243461?tctx=33%2C36%2C%2C%2C%2C%2C%2C%2C%2CVideo%3A70243461%2C,['Because you liked Gilmore Girls'],False,tt1659337,7.9,"585,109",2012,PG-13,103 min,Drama,Stephen Chbosky,"Logan Lerman, Emma Watson, Ezra Miller",A pair of charismatic seniors take socially awkward Charlie under their wing.,20 wins & 51 nominations total,https://m.media-amazon.com/images/M/MV5BNTY0ZTI2NzQtYWI1YS00ZWM3LWFmMjMtZWYxNmNmOTI0MGJjXkEyXkFqcGc@._V1_SX300.jpg,,,movie,7.9,585109
Black Warrant,81971071,https://occ-0-2087-2164.1.nflxso.net/dnm/api/v6/Qs00mKCpRvrkl3HZAN5KwEL1kpE/AAAABTfq6y2NJkc5ylfSSyDz8njGCG_mzDub8R9yei_V94aDuyvixXrEoATU9x_9XeiqfGeVsHeEwfuufnPh6ePwnIi1eJbWMhU1WWM.jpg?r=f9e,https://www.netflix.com/watch/81971071?tctx=4%2C22%2C%2C%2C%2C%2C%2C%2C%2CVideo%3A81971071%2C,"['Criminal Investigation TV Shows', 'TV Dramas', 'Only on Netflix', 'Because you watched Dabba Cartel', 'Critically Acclaimed TV Dramas']",False,tt35064818,7.9,"7,552",2025–,TV-MA,N/A,"Crime, Drama",N/A,"Zahan Kapoor, Rahul Bhat, Paramvir Cheema","A newly appointed jailer at Tihar Prison confronts widespread corruption and injustice within its walls, forcing him to choose between maintaining the status quo or fighting for reform.",1 win & 2 nominations total,https://m.media-amazon.com/images/M/MV5BNGQyOGM2ZWMtM2ZlNS00MTA3LWI0ZTctOWIwNmVhNWVlMDU0XkEyXkFqcGc@._V1_SX300.jpg,,1,series,7.9,7552
The Spy,80178151,https://occ-0-2087-2164.1.nflxso.net/dnm/api/v6/Qs00mKCpRvrkl3HZAN5KwEL1kpE/AAAABa2PvuXS3_qWDw7nnGWmmetvfRPp-rfrkAD5Lehe9XRU9ZJdA5Vq4mzw3PCBByVJD1LPjbLOk4K9xH0ObINK1orXdaq3f2Wo1U0.jpg?r=e4a,https://www.netflix.com/watch/80178151?tctx=17%2C30%2C%2C%2C%2C%2C%2C%2C%2CVideo%3A80178151%2C,"['So Completely Captivating', 'Spies and Secret Agents', 'Bingeworthy Suspenseful TV Shows', 'Critically Acclaimed TV Dramas']",False,tt5952634,7.9,"54,594",2019,TV-MA,53 min,"Biography, Drama, History",N/A,"Sacha Baron Cohen, Noah Emmerich, Hadar Ratzon Rotem",Based on the life of Israeli spy Eli Cohen.,2 nominations total,https://m.media-amazon.com/images/M/MV5BNjQzZDc5YzYtYzdkMy00NmQ0LWI0ODctZjFhMzQ4ZDMyMDA5XkEyXkFqcGc@._V1_SX300.jpg,,1,series,7.9,54594
Weeds,70136122,https://occ-0-2087-2164.1.nflxso.net/dnm/api/v6/Qs00mKCpRvrkl3HZAN5KwEL1kpE/AAAABUrhrlEb6RutCHGxQphn_qb6fcmOuRYbAtLX0sk7LACrh8-tFBxtBNxWXVad0O0_4UR2EOT_yspdk-hv-mv1fZ2ME-dYH32MoaQ.webp?r=60d,https://www.netflix.com/watch/70136122?tctx=11%2C3%2C%2C%2C%2C%2C%2C%2C%2CVideo%3A70136122%2C,['Acclaimed Writers'],False,tt0439100,7.9,"120,996",2005–2012,TV-MA,28 min,"Comedy, Crime, Drama",N/A,"Mary-Louise Parker, Hunter Parrish, Alexander Gould","When a suburban mother turns to dealing marijuana in order to maintain her privileged lifestyle after her husband dies, she finds out just how addicted her entire neighborhood already is.",Won 2 Primetime Emmys. 15 wins & 100 nominations total,https://m.media-amazon.com/images/M/MV5BOWVmOGQyNDEtY2Y1NS00MGM2LWI5ZTMtNmJmOGUwNjY0N2FkXkEyXkFqcGc@._V1_SX300.jpg,,8,series,7.9,120996
The Fall of the House of Usher,81414665,https://occ-0-2087-2164.1.nflxso.net/dnm/api/v6/Qs00mKCpRvrkl3HZAN5KwEL1kpE/AAAABecJUFxhBZNVTvOy1L4Ih3VtUWNzUeLcnWsgP33OciJs5JQqnQa5qPXDz1IlUES0QEeh12cGZB6FX9i7i2RmvlCTICZ6eMLRdrI.jpg?r=990,https://www.netflix.com/watch/81414665?tctx=24%2C9%2C%2C%2C%2C%2C%2C%2C%2CVideo%3A81414665%2C,"['Horror TV Serials', 'US TV Shows Dubbed in Hindi']",False,tt15567174,7.9,"130,001",2023,TV-MA,N/A,"Drama, Horror, Mystery",N/A,"Carla Gugino, Bruce Greenwood, Mary McDonnell","Siblings Roderick and Madeline Usher have built a pharmaceutical company into an empire of wealth, privilege and power; however, secrets come to light when the heirs to the Usher dynasty start dying.",5 wins & 27 nominations total,https://m.media-amazon.com/images/M/MV5BY2RiMjhkMzYtOWFmYS00YmRkLWIxYmYtN2FmZDEwODllYzA3XkEyXkFqcGc@._V1_SX300.jpg,,1,series,7.9,130001
The Witcher,80189685,https://occ-0-2087-2164.1.nflxso.net/dnm/api/v6/Qs00mKCpRvrkl3HZAN5KwEL1kpE/AAAABRsyBWt6T4yp6ZMzrgWd4pRzzVQJjLQqFiQfFrwSrh8huhhT4_JFO_Sgj42QUaRu1tt5GPlHaxtmAoGESSx75g7Wxl-E23y_-eM.jpg?r=720,https://www.netflix.com/watch/80189685?tctx=10%2C66%2C%2C%2C%2C%2C%2C%2C%2CVideo%3A80189685%2C,"['New on Netflix', 'Exciting TV Shows', 'Only on Netflix', 'Epic Worlds', 'Critically Acclaimed TV Dramas', 'Action TV']",False,tt5180504,7.9,"611,742",2019–,TV-MA,60 min,"Action, Adventure, Drama",Tomek Baginski,"Freya Allan, Anya Chalotra, Eamon Farren","Geralt of Rivia, a solitary monster hunter, struggles to find his place in a world where people often prove more wicked than beasts.",Nominated for 4 Primetime Emmys. 9 wins & 37 nominations total,https://m.media-amazon.com/images/M/MV5BOTQzMzNmMzUtODgwNS00YTdhLTg5N2MtOWU1YTc4YWY3NjRlXkEyXkFqcGc@._V1_SX300.jpg,,4,series,7.9,611742
Superstore,80061132,https://occ-0-2087-2164.1.nflxso.net/dnm/api/v6/Qs00mKCpRvrkl3HZAN5KwEL1kpE/AAAABdxbf0sCoTRgRZNTZMAkv5vBEsZRCR5gx1Yocq3snazeHQIeFNXxszemLqIbwxSqXFURCS255Q_7ID9Foru30fLdXZ9JgdvUD0M.webp?r=579,https://www.netflix.com/watch/80061132?tctx=9%2C2%2C%2C%2C%2C%2C%2C%2C%2CVideo%3A80061132%2C,['Wanna Feel Like It’ll All Work Out?'],False,tt4477976,7.9,"79,057",2015–2021,TV-14,22 min,Comedy,N/A,"Ben Feldman, Lauren Ash, Colton Dunn",A look at the lives of employees at a big box store.,5 wins & 22 nominations total,https://m.media-amazon.com/images/M/MV5BZTAyMWQ4MjAtMjYyOC00YmM0LTg4OWQtZjIzYzY0NzAyZGM2XkEyXkFqcGc@._V1_SX300.jpg,,6,series,7.9,79057
Nobody Wants This,81591296,https://occ-0-2087-2164.1.nflxso.net/dnm/api/v6/Qs00mKCpRvrkl3HZAN5KwEL1kpE/AAAABQnVDGEHOpzt1yoVdLP7I0XvCdd28OXY8Vc6_Q3XYAgbbomna-KXq-__lSH6LA4tFXj_2f_Oez62cfUujRiEgWyW8qHUNgQeN5Q.jpg?r=4c5,https://www.netflix.com/watch/81591296?tctx=3%2C7%2C%2C%2C%2C%2C%2C%2C%2CVideo%3A81591296%2C,"['Recovery-mode Recommendations', 'Because you liked Gilmore Girls']",False,tt26933824,7.8,"79,172",2024–,TV-MA,N/A,"Comedy, Drama, Romance",N/A,"Kristen Bell, Adam Brody, Justine Lupe",An agnostic sex podcaster and a newly single rabbi fall in love; discovering if their relationship can survive their wildly different lives and meddling families.,Nominated for 3 Primetime Emmys. 4 wins & 40 nominations total,https://m.media-amazon.com/images/M/MV5BZGEyNWU3M2EtY2QzNy00NmFmLWI0MDQtMWQzNzdlZjE4MWRiXkEyXkFqcGc@._V1_SX300.jpg,,2,series,7.8,79172
The Umbrella Academy,80186863,https://occ-0-2087-2164.1.nflxso.net/dnm/api/v6/Qs00mKCpRvrkl3HZAN5KwEL1kpE/AAAABbD763Xlybqu3Cifo4CfTaR2N_br36qRuS_Ppe3STih7tthT3NtJJRn36LUPiFMheV8qa7PpHa4Ac8ZOH-P7f5N8Vj886UbuRU4.jpg?r=849,https://www.netflix.com/watch/80186863?tctx=2%2C14%2C%2C%2C%2C%2C%2C%2C%2CVideo%3A80186863%2C,"['Now Leaving Hawkins, Indiana', 'Sci-Fi TV', 'Action TV']",False,tt1312171,7.8,"308,578",2019–2024,TV-14,2 min,"Action, Adventure, Comedy",N/A,"Elliot Page, Tom Hopper, David Castañeda","A family of former child heroes, now grown apart, must reunite to continue to protect the world.",Nominated for 8 Primetime Emmys. 13 wins & 62 nominations total,https://m.media-amazon.com/images/M/MV5BMzlmMmIxODItYzBjNC00YjMwLWIwOTAtNzVlMTBlNTNkMjZjXkEyXkFqcGc@._V1_SX300.jpg,,4,series,7.8,308578
Mr. Mercedes,80172955,https://occ-0-2087-2164.1.nflxso.net/dnm/api/v6/Qs00mKCpRvrkl3HZAN5KwEL1kpE/AAAABTcL8YXJbtliMRxYZK-RSi2IhneDX4If86rpkw99UuaXGv-SlOXgJ-uJgirBGJtp9s_Hc5xSY74RhEYQ_Om-VgmgpN3Drjf5P8s.webp?r=798,https://www.netflix.com/watch/80172955?tctx=10%2C70%2C%2C%2C%2C%2C%2C%2C%2CVideo%3A80172955%2C,"['New on Netflix', 'Acclaimed Writers', 'So Completely Captivating', 'TV Dramas', 'Horror TV Serials']",False,tt4354880,7.8,"29,058",2017–2019,TV-MA,60 min,"Crime, Drama, Mystery",N/A,"Brendan Gleeson, Holland Taylor, Jharrel Jerome","A demented killer taunts a retired police detective with a series of lurid letters and emails, forcing the ex-cop to undertake a private, and potentially felonious, crusade to bring the killer to justice before he can strike again.",1 win & 11 nominations total,https://m.media-amazon.com/images/M/MV5BNTJhODZmMjgtYzJmOS00YWE1LWE1OTUtM2UzZTE0NTczZWJlXkEyXkFqcGc@._V1_SX300.jpg,,3,series,7.8,29058
Monsters,81665094,https://occ-0-2087-2164.1.nflxso.net/dnm/api/v6/Qs00mKCpRvrkl3HZAN5KwEL1kpE/AAAABVZCioOMH1ktCkn_fLyFT5TvJ_QONRA9JzDA2zjElHm2yAiqtX0NL5Z9R8a67O9XCIHESOgieBmpPyI5pTiGGh7GuuH3H7kIkPg.jpg?r=a31,https://www.netflix.com/watch/81665094?tctx=4%2C19%2C%2C%2C%2C%2C%2C%2C%2CVideo%3A81665094%2C,"['Criminal Investigation TV Shows', 'Acclaimed Writers', 'Emmy-Winning TV Shows', 'Award-Winning TV Shows', 'Critically Acclaimed Crime TV Dramas', 'Critically Acclaimed TV Dramas', 'US TV Shows Dubbed in Hindi']",False,tt13207736,7.8,"216,628",2022–,TV-MA,N/A,"Biography, Crime, Drama",N/A,"Evan Peters, Richard Jenkins, Cooper Koch","Chronicles the real life stories of infamous serial killers, presenting several different perspectives of their cases.",Won 2 Primetime Emmys. 18 wins & 72 nominations total,https://m.media-amazon.com/images/M/MV5BZGY2OTcxYWItZDgxNi00Y2E1LTk0YTgtZDcwZjZkNzU4OTJjXkEyXkFqcGc@._V1_SX300.jpg,,4,series,7.8,216628
Never Have I Ever,80179190,https://occ-0-2087-2164.1.nflxso.net/dnm/api/v6/Qs00mKCpRvrkl3HZAN5KwEL1kpE/AAAABaauXu90lf8mJrUmtJgzYHhedpjtupsLC0rBZ_vsNhWwkiYwlOtGlAJ7wWJuEKu98nCImT7Nqz4dr6-4JVGehFn4ESJqMGrQC4g.jpg?r=eb1,https://www.netflix.com/watch/80179190?tctx=18%2C10%2C%2C%2C%2C%2C%2C%2C%2CVideo%3A80179190%2C,"['TV Dramas', 'Only on Netflix', 'US TV Shows Dubbed in Hindi']",False,tt10062292,7.8,"90,610",2020–2023,TV-14,30 min,"Comedy, Drama",N/A,"Maitreyi Ramakrishnan, Poorna Jagannathan, Darren Barnet","The complicated life of a first-generation Indian-American teenage girl, inspired by Mindy Kaling's own childhood.",8 wins & 17 nominations total,https://m.media-amazon.com/images/M/MV5BNzdhOGVjMTQtOTQ0Yi00ZWNjLTk2MjMtMWMzODczNWNiNmM3XkEyXkFqcGc@._V1_SX300.jpg,,4,series,7.8,90610
The Sinner,80175802,https://occ-0-2087-2164.1.nflxso.net/dnm/api/v6/Qs00mKCpRvrkl3HZAN5KwEL1kpE/AAAABXxwTGR0uDfbrH0_w5j8wQLltwBjfTSwePefyYi0LkrV0wAanq90XN-NJ-gXm3ylD-TUeqM-BbmsDe5hWh2Dgc6M-uMMlY5R9MU.jpg?r=6a0,https://www.netflix.com/watch/80175802?tctx=21%2C26%2C%2C%2C%2C%2C%2C%2C%2CVideo%3A80175802%2C,"['Bingeworthy Suspenseful TV Shows', 'US TV Thrillers', 'Critically Acclaimed Crime TV Dramas', 'Critically Acclaimed TV Dramas']",False,tt6048596,7.8,"148,512",2017–2021,TV-MA,1 min,"Crime, Drama, Mystery",Antonio Campos,"Bill Pullman, Jessica Hecht, Dohn Norwood","Detective Ambrose employs some unusual tactics, and a deep capacity for empathy to solve his cases. His boundless dedication is driven by his dark past, leading him into powerful and often dangerously intimate bonds with his suspe...",Nominated for 1 Primetime Emmy. 3 wins & 17 nominations total,https://m.media-amazon.com/images/M/MV5BMTRkNGZlMjUtZGVhZi00YjgzLTgwZmMtMGVlZTc4OGUzODk1XkEyXkFqcGc@._V1_SX300.jpg,,4,series,7.8,148512
How to Sell Drugs Online (Fast),80218448,https://occ-0-2087-2164.1.nflxso.net/dnm/api/v6/Qs00mKCpRvrkl3HZAN5KwEL1kpE/AAAABbavgnObY8DhaHwS_j1T8l-F7qdZee8LeI0wm4-9r96TX1Ob217LzCSU-BK9_N80sJ3nE3otbTiy8YLVpeS0O7ckHKOH9vHKDzQ.jpg?r=f0f,https://www.netflix.com/watch/80218448?tctx=15%2C10%2C%2C%2C%2C%2C%2C%2C%2CVideo%3A80218448%2C,"['Award-Winning TV Shows', 'TV Dramas']",False,tt9184994,7.8,"44,870",2019–2025,TV-MA,30 min,"Comedy, Crime, Drama",N/A,"Maximilian Mundt, Danilo Kamperidis, Damian Hardung","To win back the love of his life, a high school student and his best friend launch Europe's largest online drug business from their teenage bedroom.",7 wins & 2 nominations total,https://m.media-amazon.com/images/M/MV5BYWE3YmU3MTUtN2QwNy00ODQ4LThlMWQtMGExMTA5NWI2OTVjXkEyXkFqcGc@._V1_SX300.jpg,,4,series,7.8,44870
El Chapo,80133042,https://occ-0-2087-2164.1.nflxso.net/dnm/api/v6/Qs00mKCpRvrkl3HZAN5KwEL1kpE/AAAABRcoiVHYJqp1Kln50Ra__9m7vArZoivPEY5B6mSti2fRr2JibqV3DS3YYvFBoDjHbViAuKm-nKBHrCI6SHz0mboHAJENrCoTAp8.jpg?r=b97,https://www.netflix.com/watch/80133042?tctx=25%2C15%2C%2C%2C%2C%2C%2C%2C%2CVideo%3A80133042%2C,['US TV Thrillers'],False,tt6692188,7.8,"21,875",2017–2018,TV-MA,43 min,"Biography, Crime, Drama",N/A,"Marco de la O, Humberto Busto, Diego Vásquez","A look at the life of notorious drug kingpin, El Chapo, from his early days in the 1980s working for the Guadalajara Cartel, to his rise to power during the '90s as the head of the Sinaloa Cartel and his ultimate downfall in 2016.",1 win total,https://m.media-amazon.com/images/M/MV5BOGQ3YjlhNjktMDViMy00Y2ZjLTk4YTAtMDU5NWU3NjhhNTAzXkEyXkFqcGc@._V1_SX300.jpg,,3,series,7.8,21875
The OA,80044950,https://occ-0-2087-2164.1.nflxso.net/dnm/api/v6/Qs00mKCpRvrkl3HZAN5KwEL1kpE/AAAABapQKDHvjD6niBFqdnC3HZhWJt_u7CU79aa1FdVZ_gt4CywLt1K8mkihxhztuGVpIzLbr78p_GJm5vhiFgUiVKdNTOhXkCRxvfs.jpg?r=e0c,https://www.netflix.com/watch/80044950?tctx=5%2C24%2C%2C%2C%2C%2C%2C%2C%2CVideo%3A80044950%2C,"['Sci-Fi TV', 'US TV Thrillers']",False,tt4635282,7.8,"124,749",2016–2019,TV-MA,2 min,"Drama, Fantasy, Mystery",N/A,"Brit Marling, Jason Isaacs, Scott Wilson","Having gone missing seven years ago, the previously blind Prairie returns home, now in her twenties with her sight restored. While many believe she is a miracle, others worry that she could be dangerous.",3 wins & 9 nominations total,https://m.media-amazon.com/images/M/MV5BMTY5OTkwNDkzOF5BMl5BanBnXkFtZTgwMDEyNzI1NzM@._V1_SX300.jpg,,2,series,7.8,124749
Younger,80031533,https://occ-0-2087-2164.1.nflxso.net/dnm/api/v6/Qs00mKCpRvrkl3HZAN5KwEL1kpE/AAAABS60cLSooYaLvRysWjvL4--H6lugzxkjFuyBkZN59e-cFs7Aun8i8MRAoLgM_b9keHopAApD_JdHIlAuWYs4n59mJhdvLeJhdQsdRUCmWlojB-KTP7Fot8No3LPrpbKlS7L_rffNTuKNXDUjAwK9NybXI9W0hC-3eAVH9JU4Fkx3.webp?r=029,https://www.netflix.com/watch/80031533?tctx=3%2C2%2C%2C%2C%2C%2C%2C%2C%2CVideo%3A80031533%2C,"['Recovery-mode Recommendations', 'New on Netflix']",False,tt3288518,7.8,"27,252",2015–2021,TV-14,22 min,"Comedy, Romance",N/A,"Sutton Foster, Hilary Duff, Debi Mazar","After being mistaken for younger than she really is, a single mother decides to take the chance to reboot her career and her love life as a 26-year old.",14 nominations total,https://m.media-amazon.com/images/M/MV5BZGZjNmI2MDEtZjRhOS00ZGZiLWFkNTUtODBlMGQ4ZjFlZWNjXkEyXkFqcGc@._V1_SX300.jpg,,7,series,7.8,27252
Santa Clarita Diet,80095815,https://occ-0-2087-2164.1.nflxso.net/dnm/api/v6/Qs00mKCpRvrkl3HZAN5KwEL1kpE/AAAABRvFghzvkoqs8fnRbhxpKXjjvf8Dx1SPjRcuwpABSvgB0jdQkyoCRJ3YB2vrbLIq7JPhjWD2OxQFfFMLNROTf0TKHI0uQJddRas.jpg?r=cff,https://www.netflix.com/watch/80095815?tctx=24%2C19%2C%2C%2C%2C%2C%2C%2C%2CVideo%3A80095815%2C,['Horror TV Serials'],False,tt5580540,7.8,"82,209",2017–2019,TV-MA,2 min,"Comedy, Horror",N/A,"Drew Barrymore, Timothy Olyphant, Liv Hewson","Sheila and Joel are married real estate agents who live and work in Santa Clarita, California. When Sheila dies, their lives take a dark turn.",6 nominations total,https://m.media-amazon.com/images/M/MV5BNTIwMDkzNTMwMF5BMl5BanBnXkFtZTgwNDA4MjI2NzM@._V1_SX300.jpg,,3,series,7.8,82209
The Gentlemen,81437051,https://occ-0-2087-2164.1.nflxso.net/dnm/api/v6/Qs00mKCpRvrkl3HZAN5KwEL1kpE/AAAABdcUtO0GQu4fp_CAPw7JtTuvDmCrOr7KhYIGkQDpXNcBaKS6AP19dwlpaDE1N9HoYRWb3Xqnara6KF2sqwyMD7UMBQJiWEBfXDQ.jpg?r=aba,https://www.netflix.com/watch/81437051?tctx=7%2C31%2C%2C%2C%2C%2C%2C%2C%2CVideo%3A81437051%2C,"['In a Mood', 'Emmy-Winning TV Shows', 'Award-Winning TV Shows', 'Critically Acclaimed Crime TV Dramas', 'Critically Acclaimed TV Dramas', 'Action TV']",False,tt8367814,7.8,"449,110",2019,R,113 min,"Action, Comedy, Crime",Guy Ritchie,"Matthew McConaughey, Charlie Hunnam, Michelle Dockery","An American expat tries to sell off his highly profitable marijuana empire in London, triggering plots, schemes, bribery and blackmail in an attempt to steal his domain out from under him.",1 win & 4 nominations total,https://m.media-amazon.com/images/M/MV5BMjE2ZjQ4ZGMtZjFhMi00NmI5LTliNjEtODczMWMxNjliZjgxXkEyXkFqcGc@._V1_SX300.jpg,,,movie,7.8,449110
Big Mouth,80117038,https://occ-0-2087-2164.1.nflxso.net/dnm/api/v6/Qs00mKCpRvrkl3HZAN5KwEL1kpE/AAAABW7jV6DjBA8e2jCR3ZsQuHqO0-G_Ni1vxgBgBDiQIpu7szbsaCXmqmi4WNugPC50LXWSpQCJCQrtD_cli3XFQrmZRXQxs-9279I.jpg?r=0e7,https://www.netflix.com/watch/80117038?tctx=13%2C33%2C%2C%2C%2C%2C%2C%2C%2CVideo%3A80117038%2C,['Emmy-Winning TV Shows'],False,tt6524350,7.8,"95,501",2017–2025,TV-MA,30 min,"Animation, Comedy, Romance",N/A,"Nick Kroll, John Mulaney, Jessi Klein",Teenage friends find their lives upended by the wonders and horrors of puberty.,Won 4 Primetime Emmys. 12 wins & 58 nominations total,https://m.media-amazon.com/images/M/MV5BMTU0YjUyNDctYmM0OC00OWU5LWJmNTMtODY5Njc4MzVlMWE2XkEyXkFqcGc@._V1_SX300.jpg,,8,series,7.8,95501
Alice in Borderland,80200575,https://occ-0-2087-2164.1.nflxso.net/dnm/api/v6/Qs00mKCpRvrkl3HZAN5KwEL1kpE/AAAABfauzpdvOmriS-STBWXSQmBCKcFBha28R7WGJq5wVmG-FLLjEI6DWZyAs_csSKPMuAQIh3Lq_j7tOwNDznLXbgRek2hOmkGOirw.jpg?r=aea,https://www.netflix.com/watch/80200575?tctx=5%2C38%2C%2C%2C%2C%2C%2C%2C%2CVideo%3A80200575%2C,['Sci-Fi TV'],False,tt10795658,7.8,"138,568",2020–,TV-MA,50 min,"Action, Drama, Horror",N/A,"Kento Yamazaki, Tao Tsuchiya, Nijirô Murakami","Arisu - a listless, jobless and video-game-obsessed young man - suddenly finds himself in a strange, emptied-out version of Tokyo in which he and his friends must compete in dangerous games in order to survive.",N/A,https://m.media-amazon.com/images/M/MV5BYmMzODA4M2MtMjBmNC00YjFhLTg4NzgtODgyNzE4NWQxMThmXkEyXkFqcGc@._V1_SX300.jpg,,3,series,7.8,138568
Veer-Zaara,70024184,https://occ-0-2087-2164.1.nflxso.net/dnm/api/v6/Qs00mKCpRvrkl3HZAN5KwEL1kpE/AAAABWHggUYV83LAY3sxAdo1QKUDMBIpV9zn4Vk5gxDBP8ctMo3INoLBFXz0P-XsRRMCN1JB7h7W70wnxekB0SuMOybHz4GSQaYNHr8.webp?r=d9a,https://www.netflix.com/watch/70024184?tctx=14%2C39%2C%2C%2C%2C%2C%2C%2C%2CVideo%3A70024184%2C,['Award Winning Drama Movies'],False,tt0420332,7.8,"62,790",2004,Not Rated,192 min,"Drama, Family, Musical",Yash Chopra,"Shah Rukh Khan, Preity G Zinta, Rani Mukerji","An Indian Air Force pilot rescues a Pakistani girl stranded in India. Years later, a lawyer seeks to unravel the truth behind the pilot's mysterious imprisonment in Pakistan for over two decades, during which he remained silent.",30 wins & 42 nominations total,https://m.media-amazon.com/images/M/MV5BMmI0ODNhYmEtOWM4My00MmFlLTk4ZmEtYmQ2MmNjODcxNzU2XkEyXkFqcGc@._V1_SX300.jpg,,,movie,7.8,62790
The Big Short,80075560,https://occ-0-2087-2164.1.nflxso.net/dnm/api/v6/Qs00mKCpRvrkl3HZAN5KwEL1kpE/AAAABcLw9DSvyPBTYxbZ_sp35q8Tk40-4vPxNYbi6D2jartgWzsUIJoANxyf8Eyh2k5tP-VU9KZ0UOw-d-VUb0EghlcnHrUZR8ZYXUs.webp?r=b48,https://www.netflix.com/watch/80075560?tctx=8%2C21%2C%2C%2C%2C%2C%2C%2C%2CVideo%3A80075560%2C,"['Capricorns Activate Boss Mode', 'Acclaimed Writers', 'Award Winning Drama Movies', 'Award-Winning Films']",False,tt1596363,7.8,"529,177",2015,R,130 min,"Biography, Comedy, Drama",Adam McKay,"Christian Bale, Steve Carell, Ryan Gosling","In 2006-2007 a group of investors bet against the United States mortgage market. In their research, they discover how flawed and corrupt the market is.",Won 1 Oscar. 37 wins & 81 nominations total,https://m.media-amazon.com/images/M/MV5BZDZkNDQ3YjktYjBlZC00YTY1LTgxOGYtY2RhMWFhZmNkZGY3XkEyXkFqcGc@._V1_SX300.jpg,,,movie,7.8,529177
All Quiet on the Western Front,81260280,https://occ-0-2087-2164.1.nflxso.net/dnm/api/v6/Qs00mKCpRvrkl3HZAN5KwEL1kpE/AAAABfuKqeCobm-3wffhYTDkhHxdYtsNbS5la5yec9fxL250A4W6g4r2zYKHONgjEkWWKXOT6jna4kPEkMZfZiMDYiCfnR9V5AZu6UI.jpg?r=59e,https://www.netflix.com/watch/81260280?tctx=14%2C20%2C%2C%2C%2C%2C%2C%2C%2CVideo%3A81260280%2C,"['Award Winning Drama Movies', 'Award-Winning Films']",False,tt1016150,7.8,"304,290",2022,R,148 min,"Drama, History, War",Edward Berger,"Felix Kammerer, Albrecht Schuch, Aaron Hilmer",A young German soldier's eagerness to serve his country quickly fades when he witnesses the horrors of combat on the Western Front during World War I.,Won 4 Oscars. 59 wins & 89 nominations total,https://m.media-amazon.com/images/M/MV5BOWJiYWMyYTktZThhOS00ZjgxLWE0YTQtZDMyNTQxMjMyYjI2XkEyXkFqcGc@._V1_SX300.jpg,,,movie,7.8,304290
Mimi,81267360,https://occ-0-2087-2164.1.nflxso.net/dnm/api/v6/Qs00mKCpRvrkl3HZAN5KwEL1kpE/AAAABWG_gdrbhINNvhDtCBILIkas8JDaXRJgMa5Xwf27CoqMXsuDa9NxOpbw2cFhpngBzhwu7n8lvVzK7cBuuguQXeesJpi7vZXBnqw.webp?r=1a2,https://www.netflix.com/watch/81267360?tctx=14%2C24%2C%2C%2C%2C%2C%2C%2C%2CVideo%3A81267360%2C,"['Award Winning Drama Movies', 'Award-Winning Films']",False,tt10895576,7.8,"44,290",2021,TV-14,132 min,"Comedy, Drama","Rajesh Bhatia, Laxman Utekar","Kriti Sanon, Evelyn Edwards, Pankaj Tripathi",Mimi is introduced by Bhanu to an American couple as a surrogate in exchange for Rs 2 million. She decides to have the baby even when they change their mind and tells her parent that Bhanu is the father.,27 wins & 23 nominations total,https://m.media-amazon.com/images/M/MV5BYzU5YjkyODYtNmIzOC00MWY3LWE0ZTUtZWU2MDZhODE3NDE1XkEyXkFqcGc@._V1_SX300.jpg,,,movie,7.8,44290
Giri / Haji,80190519,https://occ-0-2087-2164.1.nflxso.net/dnm/api/v6/Qs00mKCpRvrkl3HZAN5KwEL1kpE/AAAABdY2Kk_gbootje6tBvDQtO5ScuPBQeXPySnvKzIswVLQyjbYP93yzeEQLhGbvJIGaZh7vbggfSn6sEKcVvz7RXe1sZNVs79sGDE.jpg?r=283,https://www.netflix.com/watch/80190519?tctx=29%2C35%2C%2C%2C%2C%2C%2C%2C%2CVideo%3A80190519%2C,['Critically Acclaimed Crime TV Dramas'],False,tt8001106,7.8,"18,418",2019,TV-MA,2 min,"Crime, Drama, Mystery",N/A,"Takehiro Hira, Kelly Macdonald, Yôsuke Kubozuka","A detective from Tokyo scours London for his missing brother, who's been involved with the Yakuza and accused of murder.",Won 1 BAFTA Award2 wins & 10 nominations total,https://m.media-amazon.com/images/M/MV5BMmJkMDI1YTAtMzY3OS00YzA4LWExMDktN2JmNzdjNGQ5YzgxXkEyXkFqcGc@._V1_SX300.jpg,,1,series,7.8,18418
Society of the Snow,81268316,https://occ-0-2087-2164.1.nflxso.net/dnm/api/v6/Qs00mKCpRvrkl3HZAN5KwEL1kpE/AAAABQttwacnw5PwyB_Cl020fH0UtakeJ_qfxFiIKHoy5eJ_N_ysg8-h8A4K-4NUm4qFva2p2gfejDQPdWUVRMTwymdJeErvO0BgfKY.jpg?r=834,https://www.netflix.com/watch/81268316?tctx=14%2C37%2C%2C%2C%2C%2C%2C%2C%2CVideo%3A81268316%2C,"['Award Winning Drama Movies', 'Award-Winning Films']",False,tt16277242,7.8,"164,568",2023,R,144 min,"Adventure, Biography, Drama",J.A. Bayona,"Enzo Vogrincic, Agustín Pardella, Matías Recalt",The flight of a rugby team crashes on a glacier in the Andes. The few passengers who survive the crash find themselves in one of the world's toughest environments to survive.,Nominated for 2 Oscars. 47 wins & 67 nominations total,https://m.media-amazon.com/images/M/MV5BODM1MWQ1MWUtMDM1ZS00ZjI3LTg4ZTMtNmI1ZDAwNmE4MTNiXkEyXkFqcGc@._V1_SX300.jpg,,,movie,7.8,164568
Bloodline,80010655,https://occ-0-2087-2164.1.nflxso.net/dnm/api/v6/Qs00mKCpRvrkl3HZAN5KwEL1kpE/AAAABYdvzd4pRWZdvmOuDhRGH9Rht8iC3pfahXmVqWbaUiEIBKpYbmwVAeeoN-CUadlX43nj2zfE59CNYw7j7HzoeLQPPm19RZ4r9rY.jpg?r=389,https://www.netflix.com/watch/80010655?tctx=11%2C23%2C%2C%2C%2C%2C%2C%2C%2CVideo%3A80010655%2C,"['Acclaimed Writers', 'Emmy-Winning TV Shows', 'US TV Thrillers']",False,tt3520702,7.8,"62,592",2015–2017,TV-MA,60 min,"Drama, Thriller",N/A,"Kyle Chandler, Linda Cardellini, Norbert Leo Butz",A family is forced to face their past secrets and scars when the black sheep returns home.,Won 1 Primetime Emmy. 5 wins & 18 nominations total,https://m.media-amazon.com/images/M/MV5BMTU4OTY0MzM1OV5BMl5BanBnXkFtZTgwMjkxMzE0MjI@._V1_SX300.jpg,,3,series,7.8,62592
Criminal: UK,80216172,https://occ-0-2087-2164.1.nflxso.net/dnm/api/v6/Qs00mKCpRvrkl3HZAN5KwEL1kpE/AAAABeMTnkf2CxJUKf-t6YFC9OWfx3YaSNXpnKBUheL93Pk3Ea9a1sYgI4ziTVlPtob3eLDUHxJSGWFXNbkb46Os2GTaZSG_qZ0xp3I.jpg?r=6b8,https://www.netflix.com/watch/80216172?tctx=29%2C30%2C%2C%2C%2C%2C%2C%2C%2CVideo%3A80216172%2C,['Critically Acclaimed Crime TV Dramas'],False,tt9348692,7.7,"22,419",2019–2020,TV-MA,43 min,"Crime, Drama, Mystery",N/A,"Katherine Kelly, Lee Ingleby, Rochenda Sandall","A cat-and-mouse drama, which focuses on the intense mental conflict between detectives and suspects. The stories take place within the confines of a police interview suite.",Nominated for 2 BAFTA 5 nominations total,https://m.media-amazon.com/images/M/MV5BODdkNzE3ZTQtZTRmOC00M2RlLWJiYWEtN2RkMGQyOWNhMmNlXkEyXkFqcGc@._V1_SX300.jpg,,2,series,7.7,22419
Guns & Gulaabs,81313531,https://occ-0-2087-2164.1.nflxso.net/dnm/api/v6/Qs00mKCpRvrkl3HZAN5KwEL1kpE/AAAABatxpSO8-PZmfdMI3nYMJGoPGiQB2Io6ZmDkfwofqR6ZEp7ILkg0Y61urpCRj_GUMxp7BuZ0YMeeMRiW2XOZJ8OIgRb8wgDwIBM.jpg?r=7c0,https://www.netflix.com/watch/81313531?tctx=22%2C16%2C%2C%2C%2C%2C%2C%2C%2CVideo%3A81313531%2C,"['Exciting TV Shows', 'Because you watched Dabba Cartel']",False,tt17524566,7.7,"19,226",2023–,TV-MA,N/A,"Comedy, Crime, Romance",N/A,"Rajkummar Rao, Dulquer Salmaan, Adarsh Gourav","In a sleepy town, a mechanic struggles to emerge from his dead gangster father's shadow in a mission to win over the love of his life. An honest officer ends up being a chaos agent; whilst a reluctant cartel heir has an identity c...",9 wins & 27 nominations total,https://m.media-amazon.com/images/M/MV5BMDRkYjcxNjktMTk3ZS00ZjQ2LWI3ZDMtMWM2NTI1ZWYzYjA4XkEyXkFqcGc@._V1_SX300.jpg,,N/A,series,7.7,19226
Midnight Mass,81083626,https://occ-0-2087-2164.1.nflxso.net/dnm/api/v6/Qs00mKCpRvrkl3HZAN5KwEL1kpE/AAAABQ6W6S0Vk8vHduWUzt7QbhN4OvgSxJe_WWs1DaRp_tEGQ6GcJDLGNXD_Q8N22mLUdTMfbBoF9Y39lxtJN68p05BwMw3F59KVvzA.jpg?r=dae,https://www.netflix.com/watch/81083626?tctx=24%2C17%2C%2C%2C%2C%2C%2C%2C%2CVideo%3A81083626%2C,"['Horror TV Serials', 'Critically Acclaimed TV Dramas', 'US TV Shows Dubbed in Hindi']",False,tt10574558,7.7,"162,279",2021,TV-MA,40 min,"Drama, Fantasy, Horror",N/A,"Kate Siegel, Zach Gilford, Kristin Lehman","An isolated island community experiences miraculous events - and frightening omens - after the arrival of a charismatic, mysterious young priest.",Nominated for 1 Primetime Emmy. 4 wins & 30 nominations total,https://m.media-amazon.com/images/M/MV5BYWFjMDM5MzgtZWI3OC00ZWRmLThlNTktN2ZkMTc3ZTA5NGEzXkEyXkFqcGc@._V1_SX300.jpg,,1,series,7.7,162279
The Residence,81005297,https://occ-0-2087-2164.1.nflxso.net/dnm/api/v6/Qs00mKCpRvrkl3HZAN5KwEL1kpE/AAAABUYlzmuoMPsYoZwnmZLF8VR7ffwjsmc_ibm_386avYmrAQWFJr8XpQAnUJxoQc3ZqFTiAlboCsQo3klgfr-bmZoNcLWQgQ0aBIQ.jpg?r=9fa,https://www.netflix.com/watch/81005297?tctx=21%2C32%2C%2C%2C%2C%2C%2C%2C%2CVideo%3A81005297%2C,"['Bingeworthy Suspenseful TV Shows', 'Only on Netflix', 'US TV Shows Dubbed in Hindi']",False,tt8740614,7.7,"55,908",2025,TV-MA,N/A,"Comedy, Crime, Drama",N/A,"Uzo Aduba, Giancarlo Esposito, Molly Griggs",Inside the White House's staff residence and the lives which workers share with the First Family.,Nominated for 4 Primetime Emmys. 2 wins & 11 nominations total,https://m.media-amazon.com/images/M/MV5BNmJlOWFiNGEtZGYyMy00ZWY5LWJlMjMtYjgzZTViNDI3NzUxXkEyXkFqcGc@._V1_SX300.jpg,,1,series,7.7,55908
Good Girls,80177342,https://occ-0-2087-2164.1.nflxso.net/dnm/api/v6/Qs00mKCpRvrkl3HZAN5KwEL1kpE/AAAABaeqRMZyn2sOg5qxE7gF5r-IpBaaZQUatUrQFWeHx19TZWT8DqNZPQO5OOk-oXD_pw5c_RQCG7jMfIY0iSt5BsoP8qpmYuJO4H4.jpg?r=2df,https://www.netflix.com/watch/80177342?tctx=21%2C23%2C%2C%2C%2C%2C%2C%2C%2CVideo%3A80177342%2C,"['Bingeworthy Suspenseful TV Shows', 'Critically Acclaimed Crime TV Dramas']",False,tt6474378,7.7,"66,512",2018–2021,TV-14,1 min,"Comedy, Crime, Drama",N/A,"Christina Hendricks, Retta, Mae Whitman",Three suburban mothers suddenly find themselves in desperate circumstances and decide to stop playing it safe and risk everything to take back their power.,1 win & 2 nominations total,https://m.media-amazon.com/images/M/MV5BZTFkMDZkOWMtNDM3ZC00MWE0LTkxZWEtNjYyZTk4ODNiOTc4XkEyXkFqcGc@._V1_SX300.jpg,,4,series,7.7,66512
The Ba***ds of Bollywood,81975483,https://occ-0-2087-2164.1.nflxso.net/dnm/api/v6/Qs00mKCpRvrkl3HZAN5KwEL1kpE/AAAABciQaXyG7ZCQOu1HM3WOB0v3zx94SuPnWM2Nwcc9phePc-HNGUNoiPGSnubdjbopyG1-h5etonKV8tS3WkptO2xfHASAqud0kYw.jpg?r=b01,https://www.netflix.com/watch/81975483?tctx=18%2C25%2C%2C%2C%2C%2C%2C%2C%2CVideo%3A81975483%2C,"['TV Dramas', 'Only on Netflix']",False,tt34683290,7.7,"7,379",2025–,TV-MA,N/A,"Adventure, Comedy, Drama",N/A,"Bobby Deol, Lakshya, Raghav Juyal","An entertaining ride through the adventures of an ambitious outsider navigating the glitzy yet tricky world of Bollywood, with self-aware humor, cameos, and larger-than-life characters for a tongue-in-cheek take on Indian cinema.",N/A,https://m.media-amazon.com/images/M/MV5BOGJlYjliMGMtYTAxOC00YWU4LWE1NTktM2NhMDdmZTcxOTk2XkEyXkFqcGc@._V1_SX300.jpg,,1,series,7.7,7379
Baby Reindeer,81219887,https://occ-0-2087-2164.1.nflxso.net/dnm/api/v6/Qs00mKCpRvrkl3HZAN5KwEL1kpE/AAAABQCeeC3zq2sWUrX04aZ4Tc4eM8bSQQhrp2NWwkLfaDa5AdLg-aZCsGHEDx2VLLUfDwJIkwVTojYNEuEQybVQQX1H3HRsl_P3nyU.jpg?r=8bb,https://www.netflix.com/watch/81219887?tctx=13%2C18%2C%2C%2C%2C%2C%2C%2C%2CVideo%3A81219887%2C,"['Emmy-Winning TV Shows', 'Award-Winning TV Shows', 'Critically Acclaimed TV Dramas']",False,tt13649112,7.7,"182,240",2024,TV-MA,N/A,"Biography, Comedy, Drama",N/A,"Richard Gadd, Jessica Gunning, Nava Mau","The story follows Donny's warped relationship with a female stalker and the impact it has on him as he is ultimately forced to face a deep, dark buried trauma.",Won 6 Primetime Emmys. 40 wins & 65 nominations total,https://m.media-amazon.com/images/M/MV5BNzlmY2E1OTUtMjEzZi00Y2YxLWI5NmMtZmZhOWZkMjIzMDJiXkEyXkFqcGc@._V1_SX300.jpg,,1,series,7.7,182240
Sweet Tooth,81221380,https://occ-0-2087-2164.1.nflxso.net/dnm/api/v6/Qs00mKCpRvrkl3HZAN5KwEL1kpE/AAAABSEAdKaaZ30jAoVlJckQ0hOq3xRbhUiaYWOa35MqZsFb6pLC_qARwTZABkQ0arvMw_YfkDeVeb9HIQGR8zNRzqmTgAOJUTQ13Z0.jpg?r=9a1,https://www.netflix.com/watch/81221380?tctx=2%2C18%2C%2C%2C%2C%2C%2C%2C%2CVideo%3A81221380%2C,"['Now Leaving Hawkins, Indiana', 'Epic Worlds']",False,tt12809988,7.7,"77,189",2021–2024,TV-14,N/A,"Action, Adventure, Drama",N/A,"Nonso Anozie, Christian Convery, Stefania LaVie Owen",A boy who is half human and half deer survives in a post-apocalyptic world with other hybrids.,Nominated for 1 BAFTA Award15 wins & 29 nominations total,https://m.media-amazon.com/images/M/MV5BZWUxZWVhMTItOWQ1MS00OWFhLThkNzMtN2ZkN2EyMGI4M2M3XkEyXkFqcGc@._V1_SX300.jpg,,3,series,7.7,77189
Seven Seconds,80117555,https://occ-0-2087-2164.1.nflxso.net/dnm/api/v6/Qs00mKCpRvrkl3HZAN5KwEL1kpE/AAAABXUI7cFHsOH8cqBvkgIm7-jrI3L0sqYb6PIEGawX9TEvxjTWw_jXy5MYx8DXhkzlCDOZy-wDRuVAQcYhmCuEochO_8NipEqsb5U.jpg?r=eb3,https://www.netflix.com/watch/80117555?tctx=13%2C29%2C%2C%2C%2C%2C%2C%2C%2CVideo%3A80117555%2C,"['Emmy-Winning TV Shows', 'Critically Acclaimed Crime TV Dramas']",False,tt6297682,7.7,"21,286",2018,TV-MA,60 min,"Crime, Drama",N/A,"Clare-Hope Ashitey, Beau Knapp, Michael Mosley",Tensions run high between black citizens and white cops in Jersey City when a black teenage boy is critically injured by a cop.,Won 1 Primetime Emmy. 8 wins & 12 nominations total,https://m.media-amazon.com/images/M/MV5BNDdhNzA2NzktNTUxMS00Yzc5LWFlMDktMjk1ZjQxOWJkZmJjXkEyXkFqcGc@._V1_SX300.jpg,,1,series,7.7,21286
Young Sheldon,80192612,https://occ-0-2087-2164.1.nflxso.net/dnm/api/v6/Qs00mKCpRvrkl3HZAN5KwEL1kpE/AAAABT9hJGT5PD5L-ORInvgkWVqplL8oH8VzbPC9V1zgA0-T3SIYc5olsaWpaioUCPcg3tXOAqlq3bSBXQh3NvdsMmFhL742cLsSToI.webp?r=5cd,https://www.netflix.com/watch/80192612?tctx=3%2C1%2C%2C%2C%2C%2C%2C%2C%2CVideo%3A80192612%2C,['Recovery-mode Recommendations'],False,tt6226232,7.7,"140,269",2017–2024,TV-PG,30 min,Comedy,N/A,"Iain Armitage, Zoe Perry, Lance Barber","Meet a child genius named Sheldon Cooper (already seen as an adult in The Big Bang Theory (2007)) and his family. Some unique challenges face Sheldon, who is socially impaired.",8 wins & 31 nominations total,https://m.media-amazon.com/images/M/MV5BODU3M2FmMDctNGViYi00OGUxLThkZDAtZmRkZDBhNWJhNDIzXkEyXkFqcGc@._V1_SX300.jpg,,7,series,7.7,140269
Russian Doll,80211627,https://occ-0-2087-2164.1.nflxso.net/dnm/api/v6/Qs00mKCpRvrkl3HZAN5KwEL1kpE/AAAABarEh_bst0XtEgwAAJQW0xfaw2XCI9cgBaQmsbnJ7af0NZ3BGGwkGnNGiZDm_RXVy_vKEKqdxPl5aqX87G1kh7rTVBAARvm3tgY.jpg?r=833,https://www.netflix.com/watch/80211627?tctx=13%2C28%2C%2C%2C%2C%2C%2C%2C%2CVideo%3A80211627%2C,['Emmy-Winning TV Shows'],False,tt7520794,7.7,"114,532",2019–2022,TV-MA,30 min,"Comedy, Drama, Mystery",N/A,"Natasha Lyonne, Charlie Barnett, Greta Lee",A cynical young woman in New York City keeps dying and returning to the party that's being thrown in her honor on that same evening. She tries to find a way out of this strange time loop.,Won 3 Primetime Emmys. 11 wins & 56 nominations total,https://m.media-amazon.com/images/M/MV5BZWRlM2ExMDEtOWJhZS00YTM4LWE5MDAtMWQ1NWFkOWRiODQ5XkEyXkFqcGc@._V1_SX300.jpg,,2,series,7.7,114532
Kapoor & Sons,80102019,https://occ-0-2087-2164.1.nflxso.net/dnm/api/v6/Qs00mKCpRvrkl3HZAN5KwEL1kpE/AAAABRqnjU4Q7m85ahc1RpJe_BTBzLPY5ATk3k8i_i4RD_wjJGFWB_ha_8kiZrjwynGeYmnZuNhJ1akKlzsckbBhCe8XDmgeExG5I5c.webp?r=44b,https://www.netflix.com/watch/80102019?tctx=14%2C30%2C%2C%2C%2C%2C%2C%2C%2CVideo%3A80102019%2C,"['Award Winning Drama Movies', 'Award-Winning Films']",False,tt4900716,7.7,"28,920",2016,Not Rated,132 min,"Comedy, Crime, Drama",Shakun Batra,"Rishi Kapoor, Rajat Kapoor, Ratna Pathak Shah",The story about two brothers who visit their dysfunctional family for their grandfather's birthday party.,18 wins & 38 nominations,https://m.media-amazon.com/images/M/MV5BMjE4NDk4MTIwNl5BMl5BanBnXkFtZTgwNDEwODI5NzE@._V1_SX300.jpg,,,movie,7.7,28920
Udta Punjab,80118002,https://occ-0-2087-2164.1.nflxso.net/dnm/api/v6/Qs00mKCpRvrkl3HZAN5KwEL1kpE/AAAABRmUD9uNp6hcE_Bf4MFVRUZXXg3qjO-3sBOZfrm0MrmB10qJXS76SaFdtOFIPVuUoIXm6mgejyf2UrUS1NNNg7RO8oy7ZeThiOY.webp?r=025,https://www.netflix.com/watch/80118002?tctx=8%2C26%2C%2C%2C%2C%2C%2C%2C%2CVideo%3A80118002%2C,"['Capricorns Activate Boss Mode', 'Award Winning Drama Movies', 'Award-Winning Films']",False,tt4434004,7.7,"32,640",2016,Not Rated,148 min,"Action, Crime, Drama",Abhishek Chaubey,"Shahid Kapoor, Alia Bhatt, Kareena Kapoor",A story that revolves around drug abuse in the affluent north Indian State of Punjab and how the youth there have succumbed to it en-masse resulting in a socio-economic decline.,21 wins & 39 nominations,https://m.media-amazon.com/images/M/MV5BN2I5YjhlYTctYzhmNy00NGVlLWJjNDEtYWJkYjViMDEzMWViXkEyXkFqcGc@._V1_SX300.jpg,,,movie,7.7,32640
Firefly Lane,80994340,https://occ-0-2087-2164.1.nflxso.net/dnm/api/v6/Qs00mKCpRvrkl3HZAN5KwEL1kpE/AAAABZwTF69DhtKUFT0CYu65ylgqOU_rbDBx9qHqcXDHOIG3S4biYbRxMxmyjCh_18--riM6ox0IxGwtnOVDHKueHpH8pE7hhN2oSzE.jpg?r=514,https://www.netflix.com/watch/80994340?tctx=33%2C32%2C%2C%2C%2C%2C%2C%2C%2CVideo%3A80994340%2C,['Because you liked Gilmore Girls'],False,tt9012876,7.7,"39,762",2021–2023,TV-MA,N/A,"Drama, Romance",N/A,"Katherine Heigl, Sarah Chalke, Ben Lawson",Tully and Kate support each other through good times and bad with an unbreakable bond that carries them from their teens to their forties.,7 wins & 23 nominations total,https://m.media-amazon.com/images/M/MV5BZDY3OWExOWEtMjI1Mi00NzQzLWE5ZTktZDM2Nzc4MjU3NjcwXkEyXkFqcGc@._V1_SX300.jpg,,2,series,7.7,39762
DOTA: Dragon's Blood,80994336,https://occ-0-2087-2164.1.nflxso.net/dnm/api/v6/Qs00mKCpRvrkl3HZAN5KwEL1kpE/AAAABUekUJrtTEjAuudhI_blQKgkTKo4HQBYU-ql7ZAkoynicurgTqen0JsICuWB6OhIKd2F2v9hGYwY09HBdt4PrcDWjIIvxV_63Ts.jpg?r=a4c,https://www.netflix.com/watch/80994336?tctx=34%2C33%2C%2C%2C%2C%2C%2C%2C%2CVideo%3A80994336%2C,"['Action TV', 'My List']",False,tt14069590,7.7,"23,281",2021–2022,TV-MA,1 min,"Animation, Action, Adventure",N/A,"Yuri Lowenthal, Lara Pulver, Troy Baker","After encounters with a dragon and a princess on her own mission, a Dragon Knight becomes embroiled in events larger than he could have ever imagined.",1 win total,https://m.media-amazon.com/images/M/MV5BMGQ2YjcwZDUtNDQ4YS00MThjLWJlMjYtZjkxMTYxNmU4MGY0XkEyXkFqcGc@._V1_SX300.jpg,,3,series,7.7,23281
The Vampire Diaries,70143860,https://occ-0-2087-2164.1.nflxso.net/dnm/api/v6/Qs00mKCpRvrkl3HZAN5KwEL1kpE/AAAABYCilhppRZ4ZeXjONpRQK_FHsTA_hBsGcDw3tP7vKls1EXuhWD3nbch6PcSITBQaiwxmvO2pDUp0_ddhdmmxF-bksmJLnaP5JAA.webp?r=079,https://www.netflix.com/watch/70143860?tctx=2%2C1%2C%2C%2C%2C%2C%2C%2C%2CVideo%3A70143860%2C,"['Now Leaving Hawkins, Indiana']",False,tt1405406,7.7,"376,407",2009–2017,TV-14,43 min,"Drama, Fantasy, Horror",N/A,"Nina Dobrev, Paul Wesley, Ian Somerhalder","The lives, loves, dangers and disasters in the town, Mystic Falls, Virginia. Creatures of unspeakable horror lurk beneath this town as a teenage girl is suddenly torn between two vampire brothers.",39 wins & 67 nominations total,https://m.media-amazon.com/images/M/MV5BMmNjOWQzYmYtNGYxOS00MjVkLTg1MWUtMTkzMGE0MDgwNzQ5XkEyXkFqcGc@._V1_SX300.jpg,,8,series,7.7,376407
Kung Fu Hustle,70020728,https://occ-0-2087-2164.1.nflxso.net/dnm/api/v6/Qs00mKCpRvrkl3HZAN5KwEL1kpE/AAAABe_hOJ1xUMErcogSg8dL067E9jPasw4SYM3QfPLLLb4EQwj6kpaQ4taYdnF4zcFA5pNdK1qI6p2RB6TTWWdj5_gojFu_-b9TKD4.webp?r=40a,https://www.netflix.com/watch/70020728?tctx=35%2C19%2C%2C%2C%2C%2C%2C%2C%2CVideo%3A70020728%2C,['Award-Winning Films'],False,tt0373074,7.7,"160,826",2004,R,99 min,"Action, Comedy, Fantasy",Stephen Chow,"Stephen Chow, Wah Yuen, Qiu Yuen","In Shanghai, China in the 1940s, a wannabe gangster aspires to join the notorious ""Axe Gang"" while residents of a housing complex exhibit extraordinary powers in defending their turf.",Nominated for 1 BAFTA Award25 wins & 47 nominations total,https://m.media-amazon.com/images/M/MV5BNGU2OWVlM2ItZGZlOC00Yzk2LWE1NzEtMDYwMzE4YTE5MzQ2XkEyXkFqcGc@._V1_SX300.jpg,,,movie,7.7,160826
Happiness,81520295,https://occ-0-2087-2164.1.nflxso.net/dnm/api/v6/Qs00mKCpRvrkl3HZAN5KwEL1kpE/AAAABTxg7W5twG-XIQplDLObowOMWljg0aHdbdA1uDF6WYEFcaLmC274P9SJ90SktNp9yVG5j0wPtKCLGkmonmDvViSlMJyNReT0TBY.webp?r=e28,https://www.netflix.com/watch/81520295?tctx=2%2C20%2C%2C%2C%2C%2C%2C%2C%2CVideo%3A81520295%2C,"['Now Leaving Hawkins, Indiana', 'Horror TV Serials']",False,tt0147612,7.7,"78,716",1998,NC-17,134 min,"Comedy, Drama",Todd Solondz,"Jane Adams, Jon Lovitz, Philip Seymour Hoffman","The lives of several individuals intertwine as they go about their lives in their own unique ways, engaging in acts which society as a whole might find disturbing in a desperate search for human connection.",12 wins & 27 nominations total,https://m.media-amazon.com/images/M/MV5BNzczYzIyNGEtNWRlNi00NmU4LWI5YjgtNTFjMmUyMjhkOTBhXkEyXkFqcGc@._V1_SX300.jpg,,,movie,7.7,78716
Aranyak,81226180,https://occ-0-2087-2164.1.nflxso.net/dnm/api/v6/Qs00mKCpRvrkl3HZAN5KwEL1kpE/AAAABfR8DvLJNQ705sGkjdVfRAK1vb90dEYOUDi0bLkDfPGuJa3CiYDvt61uqis9MRAR7ZEn4VaQicXTvoc8lB6i_0EG4oqvzNi-n5g.jpg?r=ce0,https://www.netflix.com/watch/81226180?tctx=4%2C31%2C%2C%2C%2C%2C%2C%2C%2CVideo%3A81226180%2C,"['Criminal Investigation TV Shows', 'Award-Winning TV Shows']",False,tt14167344,7.7,"11,234",2021–,TV-MA,2 min,"Crime, Drama, Mystery",N/A,"Raveena Tandon, Parambrata Chattopadhyay, Ashutosh Rana","Political ploys, personal agendas and a beastly myth all surface as two mismatched hill station cops navigate a web of suspects after a puzzling murder.",14 wins & 12 nominations,https://m.media-amazon.com/images/M/MV5BYjg3MDU1NGQtMWI5ZC00NGEwLTk3NGUtNWE2ZmFhYmM4OTIxXkEyXkFqcGc@._V1_SX300.jpg,,1,series,7.7,11234
Ludo,81107576,https://occ-0-2087-2164.1.nflxso.net/dnm/api/v6/Qs00mKCpRvrkl3HZAN5KwEL1kpE/AAAABVOuUJwQX22zkfi3Fl_m7AnWWHT2OLULQPKmUpU9VwWiKfzVE7NWLucDyRE1SVJsiWbfZpybdZ_ovEWt5AYZ97FCjzPOxDtLJiI.jpg?r=8d0,https://www.netflix.com/watch/81107576?tctx=7%2C32%2C%2C%2C%2C%2C%2C%2C%2CVideo%3A81107576%2C,"['In a Mood', 'Capricorns Activate Boss Mode', 'Wanna Feel Like It’ll All Work Out?', 'Award Winning Drama Movies', 'Because you watched Dabba Cartel']",False,tt7212754,7.6,"45,011",2020,TV-MA,150 min,"Action, Comedy, Drama",Anurag Basu,"Rajkummar Rao, Pankaj Tripathi, Asha Negi","From a resurfaced sex tape to a rogue suitcase of money, four wildly different stories overlap at the whims of fate, chance and one eccentric criminal.",19 wins & 40 nominations total,https://m.media-amazon.com/images/M/MV5BYmI3ZDU2ODQtODBjYy00NDZiLTg4ZWEtMjAzZDI1OTY1OGY4XkEyXkFqcGc@._V1_SX300.jpg,,,movie,7.6,45011
Superbad,70058023,https://occ-0-2087-2164.1.nflxso.net/dnm/api/v6/Qs00mKCpRvrkl3HZAN5KwEL1kpE/AAAABT-_BPw18ibjGDR7ZA6JcGbrA-J7GaMdtjxDMQAl6WLnKzTXpSTfv8Q0uwi_bYoAtbDmYMbgLSObOoJopkZxyarxiDs03iC5oHU.webp?r=c6e,https://www.netflix.com/watch/70058023?tctx=27%2C2%2C%2C%2C%2C%2C%2C%2C%2CVideo%3A70058023%2C,['US Movies'],False,tt0829482,7.6,"682,160",2007,R,113 min,Comedy,Greg Mottola,"Michael Cera, Jonah Hill, Christopher Mintz-Plasse",Two co-dependent high school seniors are forced to deal with separation anxiety after their plan to stage a booze-soaked party goes awry.,11 wins & 24 nominations total,https://m.media-amazon.com/images/M/MV5BNjk0MzdlZGEtNTRkOC00ZDRiLWJkYjAtMzUzYTRiNzk1YTViXkEyXkFqcGc@._V1_SX300.jpg,,,movie,7.6,682160
Alias Grace,80119411,https://occ-0-2087-2164.1.nflxso.net/dnm/api/v6/Qs00mKCpRvrkl3HZAN5KwEL1kpE/AAAABWCRdzNxnvY6At8KGm6oTj_TDp9bJk82HKNmqMv3U454phbu0Ux6q0xrl9mO0HW1Wlkw0XN6MzzeKATMTyFsjmHL1z5Rof8eJ_k.jpg?r=a0a,https://www.netflix.com/watch/80119411?tctx=29%2C32%2C%2C%2C%2C%2C%2C%2C%2CVideo%3A80119411%2C,['Critically Acclaimed Crime TV Dramas'],False,tt1034007,7.6,"39,861",2017,TV-MA,267 min,"Biography, Crime, Drama",N/A,"Sarah Gadon, Edward Holcroft, Rebecca Liddiard","Grace, an Irish immigrant in 19th-century Canada, is convicted of the murder of her employer. However, things take a different turn when a psychiatrist arrives to analyze her mental state.",Nominated for 1 Primetime Emmy. 11 wins & 19 nominations total,https://m.media-amazon.com/images/M/MV5BMjI4OTI1NTkwNV5BMl5BanBnXkFtZTgwMDc0ODc0MzI@._V1_SX300.jpg,,1,series,7.6,39861
Tehran,81577018,https://occ-0-2087-2164.1.nflxso.net/dnm/api/v6/Qs00mKCpRvrkl3HZAN5KwEL1kpE/AAAABYmDrv1qPB7lc0BVHM2KEm_jvrO0UgNeB5kP39tS9coDrUApyQrWQbXgqSq0uW8u_IlWJr4OHyVrIqpf1eFYTWgvUveQAhkj2bI.webp?r=2ff,https://www.netflix.com/watch/81577018?tctx=26%2C21%2C%2C%2C%2C%2C%2C%2C%2CVideo%3A81577018%2C,['Because you watched Dabba Cartel'],False,tt10577736,7.6,"26,276",2020–,TV-MA,31S min,"Action, Crime, Drama",N/A,"Niv Sultan, Shaun Toub, Shila Ommi",A Mossad agent embarks on her first mission as a computer hacker in her home town of Tehran.,5 wins & 2 nominations total,https://m.media-amazon.com/images/M/MV5BMDA5ZTVjM2EtM2EwMy00NzJiLWI5MjktYWUwYzAwYjE5N2FkXkEyXkFqcGc@._V1_SX300.jpg,,3,series,7.6,26276
Last Samurai Standing,81607397,https://occ-0-2087-2164.1.nflxso.net/dnm/api/v6/Qs00mKCpRvrkl3HZAN5KwEL1kpE/AAAABQ4_2B_afUOHTYHEeu_rTwFGObUJiDFKlpUpijCYXNEqd8SrJu4Cbmefw1-0Uju6-h1Z44fs29IZV3dUQr1AYUQ5mani7uOvjiY.jpg?r=20d,https://www.netflix.com/watch/81607397?tctx=1%2C1%2C%2C%2C%2C%2C%2C%2C%2CVideo%3A81607397%2C,"['Continue Watching for parab.aryan', 'Action TV', 'Suspense Series Based on Books']",False,tt32237534,7.6,"16,802",2025–,TV-MA,N/A,"Action, Drama, History",N/A,"Gaku Hamada, Arata Iura, Tetsushi Tanaka","In 1878, 292 samurais gather for a battle royale lured by a 100 thousand yen prize. Wooden tags are given, last survivor reaching Tokyo wins. Shujiro Saga participates to save his sick family. A dangerous game of survival unfolds ...",1 nomination total,https://m.media-amazon.com/images/M/MV5BODAxNWYyOTgtN2YyMS00MzU1LWFkNzYtYmQyYmJjMGQ2ZGM0XkEyXkFqcGc@._V1_SX300.jpg,,1,series,7.6,16802
Messiah,80117557,https://occ-0-2087-2164.1.nflxso.net/dnm/api/v6/Qs00mKCpRvrkl3HZAN5KwEL1kpE/AAAABSKUne3CX3BSe-quUyVKa6y0YzMEgr6k91EFQ7cmCW3danaaxleiwAGe79XkTylTmSnVrI3XSfiM6SiMLjYH4ms5Xfm7ul6zVwg.jpg?r=934,https://www.netflix.com/watch/80117557?tctx=25%2C17%2C%2C%2C%2C%2C%2C%2C%2CVideo%3A80117557%2C,['US TV Thrillers'],False,tt7671598,7.6,"48,961",2020,TV-MA,43 min,"Drama, Mystery, Thriller",N/A,"Michelle Monaghan, Mehdi Dehbi, John Ortiz","When a C.I.A. officer investigates a man and his followers who attract international attention through acts of public disruption, she embarks on a global high-stakes mission to uncover whether he is a divine entity or a con artist.",2 nominations total,https://m.media-amazon.com/images/M/MV5BOTA2Y2M2ZWItY2Q3NS00ODY2LTg5MmUtY2Y1YzBjMGNmYzQ3XkEyXkFqcGc@._V1_SX300.jpg,,1,series,7.6,48961
Karma,81703410,https://occ-0-2087-2164.1.nflxso.net/dnm/api/v6/Qs00mKCpRvrkl3HZAN5KwEL1kpE/AAAABVEm7a_a2l6I5gcOMcammO95Tz5DxZhSHYYAt6tvFmUJ1c60fFGxDrRIPg4eVvfIvxVrSXsf2V1fn12JYMKk-DNYO1m6IeYi0fk.jpg?r=7f4,https://www.netflix.com/watch/81703410?tctx=29%2C15%2C%2C%2C%2C%2C%2C%2C%2CVideo%3A81703410%2C,['Critically Acclaimed Crime TV Dramas'],False,tt29921070,7.6,"6,391",2025–,TV-MA,N/A,"Crime, Drama, Thriller",N/A,"Park Hae-soo, Shin Min-a, Lee Kwang-soo","Bound by their harrowing destinies, a physician plagued by nightmares, a man shaken after his world was unexpectedly disrupted and a debtor drowning in private loans become caught in inescapable circumstances.",4 nominations total,https://m.media-amazon.com/images/M/MV5BM2MxOWNmOTUtM2U1MS00MmViLTg5NjgtYmM5YmQxOWM0NjRiXkEyXkFqcGc@._V1_SX300.jpg,,1,series,7.6,6391
Pyaar Ka Punchnama,80165854,https://occ-0-2087-2164.1.nflxso.net/dnm/api/v6/Qs00mKCpRvrkl3HZAN5KwEL1kpE/AAAABT8nP4HSC4XT4Iqw0iAkjcJoC4Mnu6WnbPp6KMi0MUPX53F9SVloyZsTwAgfBHXM_nZV9mhigf1xqR_hQ8UR0LwicLsdKKEuaps.webp?r=ec4,https://www.netflix.com/watch/80165854?tctx=9%2C36%2C%2C%2C%2C%2C%2C%2C%2CVideo%3A80165854%2C,['Wanna Feel Like It’ll All Work Out?'],False,tt1926313,7.6,"22,942",2011,Not Rated,149 min,"Comedy, Drama, Romance",Luv Ranjan,"Kartik Aaryan, Raayo S. Bakhirta, Divyendu Sharma",Nishant starts dating Charu while his roommates Rajat and Vikrant already have girlfriends in Neha and Rhea respectively. Trouble starts when the guys feel that their girlfriends are dominating them.,2 wins & 7 nominations,https://m.media-amazon.com/images/M/MV5BMWEzM2I5OGYtODI1NS00OWJlLWIxY2MtM2MyMTlmZjMwM2I4XkEyXkFqcGc@._V1_SX300.jpg,,,movie,7.6,22942
Vagabond,81095101,https://occ-0-2087-2164.1.nflxso.net/dnm/api/v6/Qs00mKCpRvrkl3HZAN5KwEL1kpE/AAAABc56xQwkBN-x_SXM57JyiuzeViZSfpDzKbiwnCw2_t0zUc8OywrJYwyTAOt4PaFEp0-e4VhXgzYNXhJKAH6N065hY13fY7Tx8Hw.jpg?r=13b,https://www.netflix.com/watch/81095101?tctx=20%2C34%2C%2C%2C%2C%2C%2C%2C%2CVideo%3A81095101%2C,['Spies and Secret Agents'],False,tt0089960,7.6,"15,366",1985,Not Rated,105 min,Drama,Agnès Varda,"Sandrine Bonnaire, Macha Méril, Stéphane Freiss","A young woman's body is found frozen in a ditch. Through flashbacks and interviews, we see the events that led to her inevitable death.",8 wins & 5 nominations total,https://m.media-amazon.com/images/M/MV5BZTY2NTQwNjMtYmQ4OS00M2MwLTk1MGEtYzMyNTBlMzIyY2QyXkEyXkFqcGc@._V1_SX300.jpg,,,movie,7.6,15366
A Man on the Inside,81677257,https://occ-0-2087-2164.1.nflxso.net/dnm/api/v6/Qs00mKCpRvrkl3HZAN5KwEL1kpE/AAAABdyIQ5wx7U0MlSxX2c8jekYut7Fbnh74qDolw09lmBV6rT5xLLA1fFWYEizrWISkjCI35B5y99PWZR3xuR35Eh3s1-k9B6mFDKU.jpg?r=e78,https://www.netflix.com/watch/81677257?tctx=3%2C5%2C%2C%2C%2C%2C%2C%2C%2CVideo%3A81677257%2C,"['Recovery-mode Recommendations', 'Wanna Feel Like It’ll All Work Out?', 'Acclaimed Writers', 'Because you liked Gilmore Girls', 'US TV Shows Dubbed in Hindi']",False,tt26670955,7.6,"42,370",2024–,TV-14,N/A,"Comedy, Crime",N/A,"Ted Danson, Mary Elizabeth Ellis, Lilah Richcreek Estrada","Charles, a retired man, gets a new lease on life when he answers an ad from a private investigator and becomes a mole in a secret investigation in a nursing home.",2 wins & 7 nominations total,https://m.media-amazon.com/images/M/MV5BMGZiMTFjZDUtYWI1MS00YjFkLWFhMGUtZTdkY2YxY2M2MzJkXkEyXkFqcGc@._V1_SX300.jpg,,2,series,7.6,42370
The Sandman,81150303,https://occ-0-2087-2164.1.nflxso.net/dnm/api/v6/Qs00mKCpRvrkl3HZAN5KwEL1kpE/AAAABVms-pswCpp2V97ZEAzEtWFfO8m5ChjsjVvXbmu5WHQXGLLVH5gQ1MXgZIveGNF1WOib5gC1g6kIGm0RFhJX9iiYBPC0Fua_T78.jpg?r=ee1,https://www.netflix.com/watch/81150303?tctx=7%2C23%2C%2C%2C%2C%2C%2C%2C%2CVideo%3A81150303%2C,"['In a Mood', 'Epic Worlds']",False,tt1751634,7.6,"206,307",2022–2025,TV-MA,1 min,"Drama, Fantasy, Horror",N/A,"Tom Sturridge, Vivienne Acheampong, Patton Oswalt","Upon escaping after decades of imprisonment by a mortal wizard, Dream, the personification of dreams, sets about to reclaim his lost equipment.",Nominated for 1 BAFTA Award10 nominations total,https://m.media-amazon.com/images/M/MV5BNjk0M2ZhZTQtZjQ0NC00ODA2LWFkN2ItMTA0ZTc0MjJjODg0XkEyXkFqcGc@._V1_SX300.jpg,,2,series,7.6,206307
All of Us Are Dead,81237994,https://occ-0-2087-2164.1.nflxso.net/dnm/api/v6/Qs00mKCpRvrkl3HZAN5KwEL1kpE/AAAABaLL6yO-Wv1rqSTgw3mMRfKNlWADqmuOI1QmnTutlgXHIHyUipGv7RzllA10cHo56OP0saEmOUntD6fm_ASz83m5HJl0YgRRDjU.jpg?r=7db,https://www.netflix.com/watch/81237994?tctx=2%2C12%2C%2C%2C%2C%2C%2C%2C%2CVideo%3A81237994%2C,"['Now Leaving Hawkins, Indiana', 'TV Dramas', 'Only on Netflix', 'Horror TV Serials', 'Critically Acclaimed TV Dramas']",False,tt14169960,7.6,"85,468",2022–,TV-MA,N/A,"Action, Drama, Fantasy",N/A,"Park Ji-hu, Yoon Chan-young, Cho Yi-hyun",A high school becomes ground zero for a zombie virus outbreak. Trapped students must fight their way out or turn into one of the rabid infected.,2 nominations total,https://m.media-amazon.com/images/M/MV5BZDY4ZmZhNzMtNjdkMC00NTE3LWFjYzQtOGE4OTllOGY1NTk5XkEyXkFqcGc@._V1_SX300.jpg,,2,series,7.6,85468
The Boy Who Harnessed the Wind,80200047,https://occ-0-2087-2164.1.nflxso.net/dnm/api/v6/Qs00mKCpRvrkl3HZAN5KwEL1kpE/AAAABbGMaWGkGqbE5uAY4quRs6WJ1W56jigwx_QTRZLOsKcoe1Ggj1twvllqGXlG2s3EkEyw_hN5QO5W-7F9AGvAZT00huvTPii9REk.jpg?r=f88,https://www.netflix.com/watch/80200047?tctx=14%2C29%2C%2C%2C%2C%2C%2C%2C%2CVideo%3A80200047%2C,"['Award Winning Drama Movies', 'Award-Winning Films']",False,tt7533152,7.6,"49,131",2019,TV-PG,113 min,"Biography, Drama, History",Chiwetel Ejiofor,"Chiwetel Ejiofor, Maxwell Simba, Felix Lemburo","Against all the odds, a thirteen-year-old boy in Malawi invents an unconventional way to save his family and village from famine.",5 wins & 6 nominations total,https://m.media-amazon.com/images/M/MV5BNjM2OTg5MTA0OV5BMl5BanBnXkFtZTgwNTMyNTY0NzM@._V1_SX300.jpg,,,movie,7.6,49131
You,80211991,https://occ-0-2087-2164.1.nflxso.net/dnm/api/v6/Qs00mKCpRvrkl3HZAN5KwEL1kpE/AAAABQzL2IbPuP5S0CSvqaPGOq93XzCZE27grO6dIA7BJJ6PGD1erxVsOx4ZegHBtm6AZJ6krLdT6wuzkPCWIbK0pENOpwPP6kHr3s4.jpg?r=1f2,https://www.netflix.com/watch/80211991?tctx=7%2C3%2C%2C%2C%2C%2C%2C%2C%2CVideo%3A80211991%2C,['In a Mood'],False,tt7335184,7.6,"353,019",2018–2025,TV-MA,45 min,"Crime, Drama, Romance",N/A,"Penn Badgley, Victoria Pedretti, Charlotte Ritchie",He's the perfect man - until his love becomes the most dangerous thing in your life.,4 wins & 11 nominations total,https://m.media-amazon.com/images/M/MV5BMTVlYmRhMWQtNmE0Yi00ODM1LWEzMWEtNTQzZGZhODRmZTE0XkEyXkFqcGc@._V1_SX300.jpg,,5,series,7.6,353019
Maniac,80124522,https://occ-0-2087-2164.1.nflxso.net/dnm/api/v6/Qs00mKCpRvrkl3HZAN5KwEL1kpE/AAAABSi2wtR3LJ3tE7mRr_o1MNYIUEkes47kVVhSYS338G-_4-daeDaBmiKIKYcbhgslAc3rIivWOsmZFzAVE39EdHGr_hLylupXz0Y.jpg?r=4b4,https://www.netflix.com/watch/80124522?tctx=5%2C33%2C%2C%2C%2C%2C%2C%2C%2CVideo%3A80124522%2C,['Sci-Fi TV'],False,tt5580146,7.6,"91,594",2018,TV-MA,386 min,"Comedy, Drama, Sci-Fi",N/A,"Emma Stone, Jonah Hill, Sonoya Mizuno","Two strangers are drawn to a mysterious pharmaceutical trial for a drug that they're assured will, with no complications or side-effects whatsoever, permanently solve all of their problems. Things do not go as planned.",2 wins & 14 nominations total,https://m.media-amazon.com/images/M/MV5BNDA0OWI5YzgtOGYzNy00ODdhLTk0ZGQtNDY4ODFiNTAyOGQ4XkEyXkFqcGc@._V1_SX300.jpg,,1,series,7.6,91594
Future Man,80214767,https://occ-0-2087-2164.1.nflxso.net/dnm/api/v6/Qs00mKCpRvrkl3HZAN5KwEL1kpE/AAAABYXrr_z-h5HENG_jQSfNB2o0aqJ2hDH__tguClNPBhGZo571klndBC7Tlc0MTar3jJ_sX_xU6qFh-C-fS14HO29KPszGDxs-QFs.webp?r=2a4,https://www.netflix.com/watch/80214767?tctx=5%2C12%2C%2C%2C%2C%2C%2C%2C%2CVideo%3A80214767%2C,['Sci-Fi TV'],False,tt4975856,7.6,"30,868",2017–2020,TV-MA,2 min,"Action, Adventure, Comedy","Evan Goldberg, Seth Rogen","Josh Hutcherson, Eliza Coupe, Derek Wilson","Josh Futturman, a janitor by day and a gamer by night, is recruited by mysterious visitors to travel through time to prevent the extinction of humanity.",3 nominations total,https://m.media-amazon.com/images/M/MV5BODExYjljNzEtMDc3ZC00MzAwLTg3MzMtN2M4NWNkMmE3N2U5XkEyXkFqcGc@._V1_SX300.jpg,,3,series,7.6,30868
Detective Byomkesh Bakshy!,80043137,https://occ-0-2087-2164.1.nflxso.net/dnm/api/v6/Qs00mKCpRvrkl3HZAN5KwEL1kpE/AAAABXEX9rjAkafb_oSMJT_zxen9184uiThYYkmr4qC1W2hLf3R9O5kUhTmqzEAXHf6Cta-_bF0nFwGP6lduAAPDurewZRH8d9IYbh0Dsd5TuwinlBR3x-OPtLXcnS7dvYA9E2AuNLzBNkmgwL53nnDW-SaDNG0jkok0PSxe7pNQ67sN.webp?r=146,https://www.netflix.com/watch/80043137?tctx=16%2C38%2C%2C%2C%2C%2C%2C%2C%2CVideo%3A80043137%2C,"['Thrillers & Horror Movies', 'Because you watched Dabba Cartel', 'Because you watched Ulajh']",False,tt3447364,7.6,"24,626",2015,Not Rated,139 min,"Action, Crime, Drama",Dibakar Banerjee,"Sushant Singh Rajput, Anand Tiwari, Neeraj Kabi",Detective Byomkesh Bakshy is set in the 2nd World War torn Calcutta during the 1940s. Enter a magical world of nostalgia and 'Expect the Unexpected'.,1 win & 8 nominations,https://m.media-amazon.com/images/M/MV5BMjE2MDgyOTgzN15BMl5BanBnXkFtZTgwNzY2NTYyNTM@._V1_SX300.jpg,,,movie,7.6,24626
Inside Man,81332052,https://occ-0-2087-2164.1.nflxso.net/dnm/api/v6/Qs00mKCpRvrkl3HZAN5KwEL1kpE/AAAABb3dlF6sdvKLCwqbZaDk98U-cZyXRbAiAl4MYRhMYAYNW6vI_ytHMLqtkGS3jezuawaRsBgOYYNiVHc3fhxl2x54wt_qnwFe9wI.jpg?r=88a,https://www.netflix.com/watch/81332052?tctx=4%2C24%2C%2C%2C%2C%2C%2C%2C%2CVideo%3A81332052%2C,"['Criminal Investigation TV Shows', 'Bingeworthy Suspenseful TV Shows']",False,tt0454848,7.6,"420,615",2006,R,129 min,"Crime, Drama, Mystery",Spike Lee,"Denzel Washington, Clive Owen, Jodie Foster","A police detective, a bank robber and a high-power broker enter high-stakes negotiations after the criminal's brilliant heist spirals into a hostage situation.",5 wins & 12 nominations total,https://m.media-amazon.com/images/M/MV5BZWFmMDZkYjktMjYyOS00MTM2LTg2MmQtOTUwMzJjMDlhZDY1XkEyXkFqcGc@._V1_SX300.jpg,,,movie,7.6,420615
The Chestnut Man,81039388,https://occ-0-2087-2164.1.nflxso.net/dnm/api/v6/Qs00mKCpRvrkl3HZAN5KwEL1kpE/AAAABURhkgn1C38ZHeYGJV_gpQVRc7H6vtJTOhOFNyey42xoHAlc76m_tpF67LjmLysHvfBRmAVPqqwC9xJMKw7dp-bmki6VUHrb5VA.jpg?r=c9e,https://www.netflix.com/watch/81039388?tctx=4%2C33%2C%2C%2C%2C%2C%2C%2C%2CVideo%3A81039388%2C,"['Criminal Investigation TV Shows', 'Suspense Series Based on Books']",False,tt10834220,7.6,"58,590",2021–,TV-MA,N/A,"Crime, Drama, Mystery",N/A,"Danica Curcic, Mikkel Boe Følsgaard, Iben Dorner","A figurine made of chestnuts is found at the scene of a grisly murder; from this creepy clue, two detectives hunt for a killer linked to a politician's missing child.",6 wins & 4 nominations total,https://m.media-amazon.com/images/M/MV5BMzgyOThkNzEtMjUwMC00YTMyLWFjOTUtMGExMTE2NmY4YTBmXkEyXkFqcGc@._V1_SX300.jpg,,1,series,7.6,58590
The Serpent,80206099,https://occ-0-2087-2164.1.nflxso.net/dnm/api/v6/Qs00mKCpRvrkl3HZAN5KwEL1kpE/AAAABaummFh1bO1xYAnbLzKVUGxzj6mIzFVhZaxaPDB5kH1R8PhYmhcGOpsYiezlEIgk1T3JZHrxWnU9rka2t57YQuyshz3ottUFBbQ.jpg?r=4c6,https://www.netflix.com/watch/80206099?tctx=21%2C25%2C%2C%2C%2C%2C%2C%2C%2CVideo%3A80206099%2C,['Bingeworthy Suspenseful TV Shows'],False,tt7985576,7.6,"53,645",2021,TV-MA,58 min,"Crime, Drama, Thriller",N/A,"Tahar Rahim, Billy Howle, Jenna Coleman","The twisting, real-life story of Charles Sobhraj, a murderer, thief and seductive master of disguise, who was a hidden darkness in the mid-70's on Asia's hippie trail.",Nominated for 2 BAFTA 13 nominations total,https://m.media-amazon.com/images/M/MV5BZGM1NzFjNDYtYTZjMS00NjdhLWEyMjUtZGExMDczNzViMTA0XkEyXkFqcGc@._V1_SX300.jpg,,1,series,7.6,53645
Titli,80013558,https://occ-0-2087-2164.1.nflxso.net/dnm/api/v6/Qs00mKCpRvrkl3HZAN5KwEL1kpE/AAAABfBSd4vOKjb8_jP1a-SJyfZJ-YSXZXLWB5Yd-ImjYZvWDohpkS1YZqIXSDR5Kcmts1cYvBACSa4_StUbq3QfiLFnXtDZKvMAcFw6xR32Kn248RmFdyB0E2t-f7asU60-CxxmfdzDwkXpnVUD_387N8dgCh6jSibR8K52uT0ZoNUx.webp?r=23b,https://www.netflix.com/watch/80013558?tctx=30%2C39%2C%2C%2C%2C%2C%2C%2C%2CVideo%3A80013558%2C,['Because you watched Ulajh'],False,tt3019620,7.5,"5,327",2014,Not Rated,116 min,"Action, Crime, Drama",Kanu Behl,"Shashank Arora, Ranvir Shorey, Shivani Raghuvanshi","Titli, the youngest member of a car-jacking brotherhood wants to escape the family business. He and his wife form a pact to set free from their family roots. But is escape possible?",4 wins & 23 nominations,https://m.media-amazon.com/images/M/MV5BNDE1OTA0OTE3NV5BMl5BanBnXkFtZTgwMzgyNTE4MTE@._V1_SX300.jpg,,,movie,7.5,5327
Collateral,80185171,https://occ-0-2087-2164.1.nflxso.net/dnm/api/v6/Qs00mKCpRvrkl3HZAN5KwEL1kpE/AAAABQwHSyIuTat1SorFsrxuRkXbiKgkZSiA2VgAelFEc6MK-aOQjw6aEMg8hgfR1GL_EfT9-MDMFaSnJTk7hWxMh3EbGVlgzz9RhB0.jpg?r=61c,https://www.netflix.com/watch/80185171?tctx=29%2C33%2C%2C%2C%2C%2C%2C%2C%2CVideo%3A80185171%2C,['Critically Acclaimed Crime TV Dramas'],False,tt0369339,7.5,"462,291",2004,R,120 min,"Action, Crime, Drama",Michael Mann,"Tom Cruise, Jamie Foxx, Jada Pinkett Smith",A cab driver finds himself the hostage of an engaging contract killer as he makes his rounds from hit to hit during one night in Los Angeles.,Nominated for 2 Oscars. 22 wins & 73 nominations total,https://m.media-amazon.com/images/M/MV5BMjE3NjM5OTMxMV5BMl5BanBnXkFtZTcwOTIzMTQyMw@@._V1_SX300.jpg,,,movie,7.5,462291
The Brothers Sun,81389634,https://occ-0-2087-2164.1.nflxso.net/dnm/api/v6/Qs00mKCpRvrkl3HZAN5KwEL1kpE/AAAABaWO2BgGDnWWHVTlnR-s9urdRcYZKTRuvI6REd22AYIeb6uw4nd6M9anmai1HrpyYa4ZGVFcwS12NBq-bW34YBBdCc5g5j2Z2k4.jpg?r=17e,https://www.netflix.com/watch/81389634?tctx=29%2C25%2C%2C%2C%2C%2C%2C%2C%2CVideo%3A81389634%2C,['Critically Acclaimed Crime TV Dramas'],False,tt17632862,7.5,"29,054",2024,TV-MA,N/A,"Action, Comedy, Drama",N/A,"Michelle Yeoh, Justin Chien, Sam Song Li","Charles Sun, a Taipei gangster who's settled into his life as a ruthless killer, must go to L.A. to protect his mother and younger brother after his father is shot by a mysterious assassin.",Nominated for 1 Primetime Emmy. 3 nominations total,https://m.media-amazon.com/images/M/MV5BYzMxMjRmZDQtNWEzNC00ZDUyLTk0YzgtMDBkODJkNjExMTkzXkEyXkFqcGc@._V1_SX300.jpg,,1,series,7.5,29054
Titans,80218200,https://occ-0-2087-2164.1.nflxso.net/dnm/api/v6/Qs00mKCpRvrkl3HZAN5KwEL1kpE/AAAABfaYDCokGmAYX5ipygsSDqF2OE6W6QhWGt_a6LWWdanB475qvUA6MxGDLcInDnZpw-UV_BAZycAZGAptub_PwkwuVs1YC5WqI2s.jpg?r=316,https://www.netflix.com/watch/80218200?tctx=2%2C2%2C%2C%2C%2C%2C%2C%2C%2CVideo%3A80218200%2C,"['Now Leaving Hawkins, Indiana']",False,tt1043813,7.5,"117,423",2018–2023,TV-MA,45 min,"Action, Adventure, Crime",N/A,"Brenton Thwaites, Anna Diop, Ryan Potter","Dick and Rachel, a girl possessed by a strange darkness, get embroiled in a conspiracy that could bring Hell on Earth. Joining them along the way are the hot-headed Starfire and lovable Beast Boy. Together they become a team of he...",5 wins & 16 nominations total,https://m.media-amazon.com/images/M/MV5BNTJlNGQ3YmUtMGNjNC00OTE5LWFmYzEtNjJiMDNmZjk0ZjU0XkEyXkFqcGc@._V1_SX300.jpg,,4,series,7.5,117423
Frankenstein,81507921,https://occ-0-2087-2164.1.nflxso.net/dnm/api/v6/Qs00mKCpRvrkl3HZAN5KwEL1kpE/AAAABUDn6GfCqMfK9NqyMyJCrxnxAEbKV7J3kaMHcsMIUoiEOloHEyUCGIW54EyEn_L5j7DkMHxiS24jZBrY7T2FKxlu3d7mViKoWYs.jpg?r=b1f,https://www.netflix.com/watch/81507921?tctx=2%2C37%2C%2C%2C%2C%2C%2C%2C%2CVideo%3A81507921%2C,"['Now Leaving Hawkins, Indiana', 'New on Netflix', 'Thrillers & Horror Movies', 'Only on Netflix', 'US Movies', 'Award-Winning Films']",False,tt1312221,7.5,"209,322",2025,R,149 min,"Drama, Fantasy, Horror",Guillermo del Toro,"Oscar Isaac, Jacob Elordi, Christoph Waltz","Dr. Victor Frankenstein, a brilliant but egotistical scientist, brings a creature to life in a monstrous experiment that ultimately leads to the undoing of both the creator and his tragic creation.",30 wins & 161 nominations total,https://m.media-amazon.com/images/M/MV5BYzYzNDYxMTQtMTU4OS00MTdlLThhMTQtZjI4NGJmMTZmNmRiXkEyXkFqcGc@._V1_SX300.jpg,,,movie,7.5,209322
Dead Boy Detectives,81679967,https://occ-0-2087-2164.1.nflxso.net/dnm/api/v6/Qs00mKCpRvrkl3HZAN5KwEL1kpE/AAAABbVLgks79CSb1hCauBvmGAk9FJ6C6_NfLe0GYUPuOG0PZGy8upZVQ7W2NcmtV4S9DWPGjrsnPXXGqErMixCqrPEsV4YFOl9yl0s.jpg?r=994,https://www.netflix.com/watch/81679967?tctx=2%2C39%2C%2C%2C%2C%2C%2C%2C%2CVideo%3A81679967%2C,"['Now Leaving Hawkins, Indiana', 'US TV Thrillers', 'Epic Worlds']",False,tt15358446,7.5,"22,560",2024,TV-MA,N/A,"Action, Adventure, Comedy",N/A,"George Rexstrew, Jayden Revri, Kassius Nelson","Charles Rowland and Edwin Payne choose not to enter the afterlife, instead staying on Earth to investigate crimes that involve the supernatural, with help from their living psychic medium friend.",1 win & 1 nomination total,https://m.media-amazon.com/images/M/MV5BYWI0ODg3NjgtMGVkOC00NDBlLTk1YmYtZGQ3MmVhMGM1YWZmXkEyXkFqcGc@._V1_SX300.jpg,,1,series,7.5,22560
Rocket Singh: Salesman of the Year,70129117,https://occ-0-2087-2164.1.nflxso.net/dnm/api/v6/Qs00mKCpRvrkl3HZAN5KwEL1kpE/AAAABTGlYJk-Zf1yNnppXzkO1d6w7RvH5_svsD2Qe_6eScS5TaXBvVeNkqU3T81IYPNHBuPxHxAJgf-MRyfA0rAfdxAoUZHaUYFw1xw.webp?r=3d1,https://www.netflix.com/watch/70129117?tctx=10%2C51%2C%2C%2C%2C%2C%2C%2C%2CVideo%3A70129117%2C,"['New on Netflix', 'Because you watched Dabba Cartel', 'Because you watched Ulajh']",False,tt1434447,7.5,"22,603",2009,Not Rated,150 min,"Comedy, Drama",Shimit Amin,"Ranbir Kapoor, Prem Chopra, Mukesh S. Bhatt","A story of a fresh graduate trying to find a balance between the maddening demands of the 'professional' way, and the way of his heart.",1 win & 12 nominations total,https://m.media-amazon.com/images/M/MV5BZDQyZGZmYmYtOWI2MC00ZWY4LWI2ZDItZjU1ODkxY2U2YWYzXkEyXkFqcGc@._V1_SX300.jpg,,,movie,7.5,22603
Shadow and Bone,80236319,https://occ-0-2087-2164.1.nflxso.net/dnm/api/v6/Qs00mKCpRvrkl3HZAN5KwEL1kpE/AAAABYlb0TV3dJtKu87IjJD62H3jGmw3OQRjTlE1EoGNu5sF8oa6NKRZKNrPz5oBthrzPTVbTd0piOfSeDCo6rwc-OXy0UAU3X89gAY.jpg?r=dd8,https://www.netflix.com/watch/80236319?tctx=28%2C29%2C%2C%2C%2C%2C%2C%2C%2CVideo%3A80236319%2C,['Epic Worlds'],False,tt2403776,7.5,"122,591",2021–2023,TV-14,N/A,"Action, Adventure, Drama",N/A,"Jessie Mei Li, Ben Barnes, Archie Renaux",Dark forces conspire against orphan mapmaker Alina Starkov when she unleashes an extraordinary power that could change the fate of her war-torn world.,Nominated for 1 Primetime Emmy. 2 wins & 6 nominations total,https://m.media-amazon.com/images/M/MV5BZWM1NTJiNzUtYTJlYy00NWYyLTliNjUtN2FjNzdkOWQxNWRjXkEyXkFqcGc@._V1_SX300.jpg,,2,series,7.5,122591
A Man Called Otto,81616256,https://occ-0-2087-2164.1.nflxso.net/dnm/api/v6/Qs00mKCpRvrkl3HZAN5KwEL1kpE/AAAABQAgSbv0oWkgntHe-_mbbkhOWrP88FZd4d-qm18e4ahWvnKo0vH7Yku7mqAeTj47gHSHNWYACaZfJ_0p4WVfAo16vVH_uji4XEk.webp?r=e9e,https://www.netflix.com/watch/81616256?tctx=27%2C22%2C%2C%2C%2C%2C%2C%2C%2CVideo%3A81616256%2C,['US Movies'],False,tt7405458,7.5,"204,258",2022,PG-13,126 min,"Comedy, Drama",Marc Forster,"Tom Hanks, Mariana Treviño, Rachel Keller","Otto is a grump who's given up on life following the loss of his wife and wants to end it all. When a young family moves in nearby, he meets his match in quick-witted Marisol, leading to a friendship that will turn his world around.",1 win & 10 nominations total,https://m.media-amazon.com/images/M/MV5BNjY5YWJjODYtNDUzNy00ZGMyLTk3NTQtN2EzZmFhZTFmMDNiXkEyXkFqcGc@._V1_SX300.jpg,,,movie,7.5,204258
Kuch Kuch Hota Hai,60036752,https://occ-0-2087-2164.1.nflxso.net/dnm/api/v6/Qs00mKCpRvrkl3HZAN5KwEL1kpE/AAAABYr35THIv8VHIA3J08uYgoOdXv5CFEpFEWdekoTOY4uqtG4Xv83VGOnL9NjwyhHEh7jQiYzvWQA9us4RLdC9Wjom9u1V7KrmQeA.webp?r=d35,https://www.netflix.com/watch/60036752?tctx=9%2C32%2C%2C%2C%2C%2C%2C%2C%2CVideo%3A60036752%2C,['Wanna Feel Like It’ll All Work Out?'],False,tt0172684,7.5,"61,359",1998,Not Rated,185 min,"Comedy, Drama, Musical",Karan Johar,"Shah Rukh Khan, Kajol, Rani Mukerji","During their college years, Anjali was in love with her best-friend Rahul, but he had eyes only for Tina. Years later, Rahul and the now-deceased Tina's eight-year-old daughter attempts to reunite her father and Anjali.",32 wins & 6 nominations total,https://m.media-amazon.com/images/M/MV5BMmQ0ZjliZTgtMjQ3NC00N2NiLTkxNjktY2VkOTQ2N2QyODNkXkEyXkFqcGc@._V1_SX300.jpg,,,movie,7.5,61359
A Time to Kill,1049750,https://occ-0-2087-2164.1.nflxso.net/dnm/api/v6/Qs00mKCpRvrkl3HZAN5KwEL1kpE/AAAABY2h7u0wDwFv3KzNoKN1LXIjOdPgYgW_pM8jRQhepgV5PMBkDiKtNd2r3-vVl7x1lQ79bpXdeodFdjK3nkaY8i05PdPCSwcxPjE.webp?r=308,https://www.netflix.com/watch/1049750?tctx=12%2C39%2C%2C%2C%2C%2C%2C%2C%2CVideo%3A1049750%2C,"['Suspenseful US Movies', 'Award Winning Drama Movies', 'Award-Winning Films']",False,tt0117913,7.5,"192,181",1996,R,149 min,"Crime, Drama, Thriller",Joel Schumacher,"Matthew McConaughey, Sandra Bullock, Samuel L. Jackson",A young Mississippi lawyer defends a black man who killed the two white men that raped his preteen daughter.,7 wins & 12 nominations total,https://m.media-amazon.com/images/M/MV5BYmNiYzY1N2ItZDZiNC00ZGMyLWJlZjktZDE1MDI3NDBlYjE5XkEyXkFqcGc@._V1_SX300.jpg,,,movie,7.5,192181
The Ranch,80077977,https://occ-0-2087-2164.1.nflxso.net/dnm/api/v6/Qs00mKCpRvrkl3HZAN5KwEL1kpE/AAAABUE3OOTF3Q0h9YH8SB6uZpKKOoH2hGmtiV5fJhAlIwzqZyqT_XbZx4AsM5cUqDwNFvlYNwxH1krcrrMPO7yRgANKQqd8pBLOiW4.jpg?r=177,https://www.netflix.com/watch/80077977?tctx=13%2C14%2C%2C%2C%2C%2C%2C%2C%2CVideo%3A80077977%2C,['Emmy-Winning TV Shows'],False,tt4998212,7.5,"44,466",2016–2020,TV-MA,30 min,"Comedy, Western",N/A,"Ashton Kutcher, Sam Elliott, Grady Lee Richmond",The son of a Colorado rancher returns home from a semi-pro football career to run the family business.,Won 3 Primetime Emmys. 3 wins & 5 nominations total,https://m.media-amazon.com/images/M/MV5BMTYxOTU5ODE0OV5BMl5BanBnXkFtZTgwNzM0MzQ1MDI@._V1_SX300.jpg,,4,series,7.5,44466
Hollywood,81088617,https://occ-0-2087-2164.1.nflxso.net/dnm/api/v6/Qs00mKCpRvrkl3HZAN5KwEL1kpE/AAAABWuIQgfMnoKNa9XEF2bjGqbNbitI99KuRkg40fZyWPVvavmpYphVhwee11OE1CqYZPPPtec-fz7NcxUYAUzOVrSa-4W2-kkBaKg.jpg?r=461,https://www.netflix.com/watch/81088617?tctx=13%2C34%2C%2C%2C%2C%2C%2C%2C%2CVideo%3A81088617%2C,['Emmy-Winning TV Shows'],False,tt9827854,7.5,"42,417",2020,TV-MA,347 min,Drama,N/A,"David Corenswet, Darren Criss, Laura Harrier",A group of aspiring actors and filmmakers in post-World War II Hollywood try to make it big - no matter the cost.,Won 2 Primetime Emmys. 4 wins & 47 nominations total,https://m.media-amazon.com/images/M/MV5BOWJkZjc0ZGQtZmFmNC00ZWE4LTlhNWYtYjQyYzI2ZjcwOTJjXkEyXkFqcGc@._V1_SX300.jpg,,1,series,7.5,42417
The Beast in Me,81427733,https://occ-0-2087-2164.1.nflxso.net/dnm/api/v6/Qs00mKCpRvrkl3HZAN5KwEL1kpE/AAAABWD2Wxu2c8Oi96z6BmAyIkxCDW8C5EqULY9YkLh3BVlgb5i81zb7dZp3m9jSn_WyT1QXnPV3Y5CbPIFXyoGMtRnrHpHosRSBuw0.jpg?r=2f1,https://www.netflix.com/watch/81427733?tctx=7%2C14%2C%2C%2C%2C%2C%2C%2C%2CVideo%3A81427733%2C,"['In a Mood', 'New on Netflix', 'So Completely Captivating', 'TV Dramas', 'Bingeworthy Suspenseful TV Shows', 'Only on Netflix', 'US TV Shows Dubbed in Hindi']",False,tt31974367,7.5,"21,933",2025,TV-MA,N/A,"Drama, Mystery, Thriller",N/A,"Claire Danes, Matthew Rhys, Brittany Snow","Author Aggie Wiggs, grieving the loss of her son, finds new purpose unraveling the mystery behind neighbor Nile Jarvis' vanished wife and his suspicious dealings.",N/A,https://m.media-amazon.com/images/M/MV5BZDI5MzdkMzktMjcxYi00OTcyLTljMWEtYzg2NTA5OTcwYTJkXkEyXkFqcGc@._V1_SX300.jpg,,1,series,7.5,21933
Hunger,81517155,https://occ-0-2087-2164.1.nflxso.net/dnm/api/v6/Qs00mKCpRvrkl3HZAN5KwEL1kpE/AAAABYK9U7XnLVfyQa1rSVnWnFRKJrRYOLcjQJeJaBq0aMXKoH7rA0gGc8GE2wleT_DTS18Y6CfOvYTOim392CgVDpOju5lufQRp1fY.jpg?r=063,https://www.netflix.com/watch/81517155?tctx=14%2C10%2C%2C%2C%2C%2C%2C%2C%2CVideo%3A81517155%2C,"['Award Winning Drama Movies', 'Award-Winning Films']",False,tt0986233,7.5,"74,195",2008,Not Rated,96 min,"Biography, Crime, Drama",Steve McQueen,"Michael Fassbender, Liam Cunningham, Stuart Graham",Irish republican Bobby Sands leads the inmates of a Northern Irish prison in a hunger strike.,Won 1 BAFTA Award49 wins & 39 nominations total,https://m.media-amazon.com/images/M/MV5BMDMwMWZmZjMtZmZkMS00MzNmLTlmNTUtY2MyYTdkYzRiZDg0XkEyXkFqcGc@._V1_SX300.jpg,,,movie,7.5,74195
Munich,70038133,https://occ-0-2087-2164.1.nflxso.net/dnm/api/v6/Qs00mKCpRvrkl3HZAN5KwEL1kpE/AAAABQXLRg3fIeFhaiA9RsHuyhtFp1JW1b17ztEW1cpDFHbUa0fxXMANnUr7zf_RIJZWouofET9_xsaBIQ6bv_jtXrCofPAFZ3mwVCg.webp?r=122,https://www.netflix.com/watch/70038133?tctx=14%2C16%2C%2C%2C%2C%2C%2C%2C%2CVideo%3A70038133%2C,"['Award Winning Drama Movies', 'Spies and Secret Agents', 'Award-Winning Films']",False,tt0408306,7.5,"249,894",2005,R,164 min,"Drama, History, Thriller",Steven Spielberg,"Eric Bana, Daniel Craig, Marie-Josée Croze","After the Black September capture and massacre of Israeli athletes at the 1972 Olympics, five men are chosen to eliminate the people responsible for that fateful day.",Nominated for 5 Oscars. 14 wins & 75 nominations total,https://m.media-amazon.com/images/M/MV5BMTcwNzYzMzMwMF5BMl5BanBnXkFtZTcwMzMzODczMQ@@._V1_SX300.jpg,,,movie,7.5,249894
The Ghazi Attack,80175334,https://occ-0-2087-2164.1.nflxso.net/dnm/api/v6/Qs00mKCpRvrkl3HZAN5KwEL1kpE/AAAABRyABdmYdQwPUZJA7gjnUaHjwqtOH9oRRj4BI7TmH_9RdT1qUPdkXbjyV6zk0Xbejl-VIMxWD-kOA6BoMaWL6lLAhSYar9mfMz8.webp?r=775,https://www.netflix.com/watch/80175334?tctx=14%2C18%2C%2C%2C%2C%2C%2C%2C%2CVideo%3A80175334%2C,"['Award Winning Drama Movies', 'Award-Winning Films']",False,tt6299040,7.5,"14,926",2017,Not Rated,116 min,"Action, Drama, Thriller",Sankalp Reddy,"Rana Daggubati, Kay Kay Menon, Atul Kulkarni","A Pakistani submarine, Ghazi plans to secretly attack Vizag port. For doing so, it has to get past Indian submarine S21.",1 win & 10 nominations,https://m.media-amazon.com/images/M/MV5BN2M0Njg2ZGQtMGRiMC00Yzk1LWI3ZjItNWFkZDhkMGZhNmMwXkEyXkFqcGc@._V1_SX300.jpg,,,movie,7.5,14926
Lupin,80994082,https://occ-0-2087-2164.1.nflxso.net/dnm/api/v6/Qs00mKCpRvrkl3HZAN5KwEL1kpE/AAAABQ7mCjHX-LDnlTYAMnJ6uPn5AMHk8HhvuX-yoxLHu9uw89IDmHfldgLL--8guqTLrK8je7bQvYpdj9cptdeWkIIzMqOlru71tfY.jpg?r=2f9,https://www.netflix.com/watch/80994082?tctx=15%2C34%2C%2C%2C%2C%2C%2C%2C%2CVideo%3A80994082%2C,"['Award-Winning TV Shows', 'Exciting TV Shows', 'Critically Acclaimed Crime TV Dramas', 'Critically Acclaimed TV Dramas', 'Action TV']",False,tt2531336,7.5,"154,909",2021–,TV-MA,231 min,"Action, Crime, Drama",N/A,"Ludivine Sagnier, Soufiane Guerrab, Omar Sy","Inspired by the adventures of Arsène Lupin, gentleman thief Assane Diop sets out to avenge his father for an injustice inflicted by a wealthy family.",Nominated for 1 BAFTA Award4 wins & 22 nominations total,https://m.media-amazon.com/images/M/MV5BMDJhODQ3ZDEtN2JmMS00Yjk5LTk1ZTUtMzI3YTU0NTNjMjAyXkEyXkFqcGc@._V1_SX300.jpg,,4,series,7.5,154909
3 Body Problem,81024821,https://occ-0-2087-2164.1.nflxso.net/dnm/api/v6/Qs00mKCpRvrkl3HZAN5KwEL1kpE/AAAABRGGXTR060t7Y0GqXjSmkoQdQ4YsIVejVm7mAr2P-n_ykwSK_B21yHyZgmFP5dpeE_uhQ4oW-ltxT_cU77ftz9UJcsuRIq4-T0Y.jpg?r=e93,https://www.netflix.com/watch/81024821?tctx=5%2C11%2C%2C%2C%2C%2C%2C%2C%2CVideo%3A81024821%2C,"['Sci-Fi TV', 'Acclaimed Writers', 'So Completely Captivating', 'TV Dramas', 'US TV Thrillers', 'US TV Shows Dubbed in Hindi']",False,tt13016388,7.5,"175,271",2024–,TV-MA,N/A,"Adventure, Drama, Fantasy",N/A,"Jovan Adepo, Liam Cunningham, Eiza González","A fateful decision made in 1960s China reverberates in the present, where a group of scientists partner with a detective to confront an existential planetary threat.",Nominated for 6 Primetime Emmys. 2 wins & 38 nominations total,https://m.media-amazon.com/images/M/MV5BMDdkYWZiZWYtMzA0Yi00NzNlLThkODktY2Q3N2NjN2ExZmMwXkEyXkFqcGc@._V1_SX300.jpg,,1,series,7.5,175271
Kohrra,81443393,https://occ-0-2087-2164.1.nflxso.net/dnm/api/v6/Qs00mKCpRvrkl3HZAN5KwEL1kpE/AAAABen2N0hijVYYE8cPASOzRVN816LA5Ze0VQT6tBFlZ-PTNgl6-Vca_tVhmoDUwa6Gqy9ssJd5iuAjSqcIqhU-05PJMjruY3oMZus.jpg?r=293,https://www.netflix.com/watch/81443393?tctx=4%2C36%2C%2C%2C%2C%2C%2C%2C%2CVideo%3A81443393%2C,"['Criminal Investigation TV Shows', 'Bingeworthy Suspenseful TV Shows', 'Because you watched Dabba Cartel', 'Critically Acclaimed Crime TV Dramas', 'Critically Acclaimed TV Dramas']",False,tt27853283,7.5,"9,974",2023–,TV-MA,N/A,"Crime, Drama, Thriller",N/A,"Barun Sobti, Suvinder Vicky, Manish Chaudhari","When a bridegroom is found dead days before his wedding, two police officers must unravel the troubling case as turbulence unfolds in their own lives and threatens to ruin the case.",23 wins & 27 nominations total,https://m.media-amazon.com/images/M/MV5BZjQyODlhNTMtYjY1OS00MmRlLTg1Y2EtNjdjNGIwYzAzMTM4XkEyXkFqcGc@._V1_SX300.jpg,,1,series,7.5,9974
Outer Banks,80236318,https://occ-0-2087-2164.1.nflxso.net/dnm/api/v6/Qs00mKCpRvrkl3HZAN5KwEL1kpE/AAAABbonkGOPjixN94Nqf4oWWuCRAUBvQeKuk_AeP-0lBw9katS-tYxen0dc2OUgJdbnqsMiDnX_LqqzAfotWaRPYBNMojVcD_p5t2k.jpg?r=e06,https://www.netflix.com/watch/80236318?tctx=18%2C1%2C%2C%2C%2C%2C%2C%2C%2CVideo%3A80236318%2C,['TV Dramas'],False,tt10293938,7.5,"102,526",2020–2026,TV-MA,50 min,"Action, Crime, Drama",N/A,"Chase Stokes, Madelyn Cline, Madison Bailey","On an island of haves and have-nots, teen John B enlists his three best friends to hunt for a legendary treasure linked to his father's disappearance.",5 wins & 11 nominations total,https://m.media-amazon.com/images/M/MV5BY2FmYmJiYTQtYmJhZC00ZTIxLTk3OTAtNzc3NDk0NGMxYTdmXkEyXkFqcGc@._V1_SX300.jpg,,5,series,7.5,102526
Gossip Girl,70143811,https://occ-0-2087-2164.1.nflxso.net/dnm/api/v6/Qs00mKCpRvrkl3HZAN5KwEL1kpE/AAAABRSSySpczVbDRN7GtCwocOyxNDF4JjV-4g360CnQuRuWyU-KY-AE_iz18GdAtnA-25hq-6vkIfIbcz4E-q-CakrfT75HVl25xtM.webp?r=0f8,https://www.netflix.com/watch/70143811?tctx=18%2C7%2C%2C%2C%2C%2C%2C%2C%2CVideo%3A70143811%2C,"['TV Dramas', 'Because you liked Gilmore Girls']",False,tt0397442,7.5,"211,315",2007–2012,TV-14,42 min,"Drama, Romance",N/A,"Blake Lively, Leighton Meester, Penn Badgley","Narrated by a mysterious vicious blogger, this show follows a set of wealthy teenagers through their day-to-day scandalous lives as Manhattans Elite, and how they betray each other for each other's gain.",22 wins & 39 nominations total,https://m.media-amazon.com/images/M/MV5BZDljNzZmMGMtM2FmNC00ZTkzLTg2OTctNDAxZGViYjVlYjAxXkEyXkFqcGc@._V1_SX300.jpg,,6,series,7.5,211315
100 Meters,81785821,https://occ-0-2087-2164.1.nflxso.net/dnm/api/v6/Qs00mKCpRvrkl3HZAN5KwEL1kpE/AAAABV2RC8LHUi10oYob_sIgq3DI83gmeE2VUneQ-Ra0KMtS_xYwXx8KMx0RkyzbXYASFKi6xwWA7k33BN828AKfKlGI1bl--53n1W4.webp?r=c18,https://www.netflix.com/watch/81785821?tctx=10%2C15%2C%2C%2C%2C%2C%2C%2C%2CVideo%3A81785821%2C,['New on Netflix'],False,tt5089786,7.5,"7,138",2016,N/A,108 min,"Biography, Comedy, Drama",Marcel Barrena,"Dani Rovira, Karra Elejalde, Alexandra Jiménez","Based on true events, a Spanish man with multiple sclerosis who tried to finish an Iron-Man competition despite he was told that he could not make 100 meters.",6 wins & 19 nominations total,https://m.media-amazon.com/images/M/MV5BYWNjNDhmNGUtM2E5Ni00YTE0LTlkNTQtZWI2MWJhMTU3Y2NkXkEyXkFqcGc@._V1_SX300.jpg,,,movie,7.5,7138
Ginny & Georgia,81025696,https://occ-0-2087-2164.1.nflxso.net/dnm/api/v6/Qs00mKCpRvrkl3HZAN5KwEL1kpE/AAAABYytdtcxIZ_DLE9b07sk5fX6dhM1KjGPzC4ps1MHjDBEcUJ7GOUMaljRP14y3wzBwDxBsgKuNuvPgLYvRVvqHHlWwHCRx3foITk.jpg?r=2e6,https://www.netflix.com/watch/81025696?tctx=18%2C26%2C%2C%2C%2C%2C%2C%2C%2CVideo%3A81025696%2C,"['TV Dramas', 'Only on Netflix', 'Because you liked Gilmore Girls', 'US TV Shows Dubbed in Hindi']",False,tt10813940,7.5,"103,432",2021–,TV-14,N/A,"Comedy, Drama",N/A,"Brianne Howey, Antonia Gentry, Diesel La Torraca","Angsty 15-year-old Ginny Miller often feels more mature than her 30-year-old mother, the irresistible and dynamic Georgia Miller.",Nominated for 1 Primetime Emmy. 5 wins & 8 nominations total,https://m.media-amazon.com/images/M/MV5BNGY4NjYzYTYtMDhjYy00MmQ2LTkwNDktNzUxMGNkMDI5MmZhXkEyXkFqcGc@._V1_SX300.jpg,,3,series,7.5,103432
Kleo,81216677,https://occ-0-2087-2164.1.nflxso.net/dnm/api/v6/Qs00mKCpRvrkl3HZAN5KwEL1kpE/AAAABbimFpOBKKR59M2-eKM6rYOV-PABFL_6bgyDpm6-AoyPgKwz3XtbS2w81tWyBKelcnQcZpAWYDL6TZ1ckyfsABGCXV3beZgJ5L0.jpg?r=cbd,https://www.netflix.com/watch/81216677?tctx=20%2C31%2C%2C%2C%2C%2C%2C%2C%2CVideo%3A81216677%2C,['Spies and Secret Agents'],False,tt15135104,7.5,"17,508",2022–,TV-MA,N/A,"Action, Crime, Drama",N/A,"Jella Haase, Dimitrij Schaad, Julius Feldmeier","After the fall of the Berlin Wall, a former spy killer is set free and embarks on a revenge spree against the people who conspired to betray her.",8 wins & 13 nominations total,https://m.media-amazon.com/images/M/MV5BOGZlYWZmYjktYmM0ZC00MTIyLWFlZmMtYzhiNzc3OGMzNDJjXkEyXkFqcGc@._V1_SX300.jpg,,2,series,7.5,17508
Blood of Zeus,81001988,https://occ-0-2087-2164.1.nflxso.net/dnm/api/v6/Qs00mKCpRvrkl3HZAN5KwEL1kpE/AAAABefqOj6tsW10UsA8QPq7m23-uGpODR2WzqIWStkQXhX6G4gt2qPKA5CnKNiJrYJDm68BXhaNew8FDVfYU-hPfuaNajiP-uCtKbg.jpg?r=3e3,https://www.netflix.com/watch/81001988?tctx=22%2C22%2C%2C%2C%2C%2C%2C%2C%2CVideo%3A81001988%2C,"['Exciting TV Shows', 'Only on Netflix', 'Action TV', 'US TV Shows Dubbed in Hindi', 'My List']",False,tt10009170,7.5,"27,672",2020–2025,TV-MA,30 min,"Animation, Action, Adventure",N/A,"Derek Phillips, Elias Toufexis, Jessica Henwick","A commoner living in ancient Greece, Heron discovers his true heritage as a son of Zeus, and his purpose: to save the world from a demonic army.",1 win & 3 nominations total,https://m.media-amazon.com/images/M/MV5BMjM0ZDcwMTQtZGQxNS00MjBiLTk5ZGUtZGNhOGU1YzdmMWYyXkEyXkFqcGc@._V1_SX300.jpg,,3,series,7.5,27672
Khakee: The Bengal Chapter,81995349,https://occ-0-2087-2164.1.nflxso.net/dnm/api/v6/Qs00mKCpRvrkl3HZAN5KwEL1kpE/AAAABVhzYq_0CtvvVS3B-EF936VeaR8E3ZOetl0l7-hGWuDjv6VF0jVX_53UKjLGun9dgltOTXnXulTnH6tkoe-sm5Qzsbt8Ducide8.jpg?r=7ee,https://www.netflix.com/watch/81995349?tctx=4%2C12%2C%2C%2C%2C%2C%2C%2C%2CVideo%3A81995349%2C,"['Criminal Investigation TV Shows', 'So Completely Captivating', 'TV Dramas', 'Only on Netflix']",False,tt34569030,7.5,"5,837",2025–,N/A,N/A,"Action, Crime, Drama",N/A,"Jeet, Mithun Debnath, Prosenjit Chatterjee","After a respected officer's death in early 2000s Bengal, IPS Arjun Maitra confronts powerful gangsters and corrupt politicians in his mission to bring law and order to a region gripped by crime and chaos.",3 wins total,https://m.media-amazon.com/images/M/MV5BYjA0YWIwN2EtNzhmZS00NjE4LTkyYTYtZmI2MWZhMDFjMTM1XkEyXkFqcGc@._V1_SX300.jpg,,1,series,7.5,5837
SAKAMOTO DAYS,81663325,https://occ-0-2087-2164.1.nflxso.net/dnm/api/v6/Qs00mKCpRvrkl3HZAN5KwEL1kpE/AAAABbGy3BpIoXZx1Ky0RUonlvkBddC1SHpYwYlpP6msp8nkIHhp6_qJqDhZzQVxlWC1V_Ni8tEObax6mQEeUdYkA6DvrwisYueD-eQ.jpg?r=c50,https://www.netflix.com/watch/81663325?tctx=22%2C33%2C%2C%2C%2C%2C%2C%2C%2CVideo%3A81663325%2C,"['Exciting TV Shows', 'Action TV']",False,tt17069148,7.5,"13,075",2025–,TV-MA,N/A,"Animation, Action, Adventure",N/A,"Tomokazu Sugita, Matthew Mercer, Rosie Okumura","Once the world's most feared hitman, Taro Sakamoto falls in love with Store Clerk Aoi. Leaving his violent past, he retires to live a peaceful life. But old enemies threaten to pull him back into the life he thought he'd left for ...",N/A,https://m.media-amazon.com/images/M/MV5BNTM4MmZiNjEtOGY0MC00MGM0LTkxZjEtODUxMmJmZWEwOWU3XkEyXkFqcGc@._V1_SX300.jpg,,1,series,7.5,13075
Unbreakable Kimmy Schmidt,80025384,https://occ-0-2087-2164.1.nflxso.net/dnm/api/v6/Qs00mKCpRvrkl3HZAN5KwEL1kpE/AAAABbSfBCk5uzxa7WcKjKQVSoIj-nZPq_McV48hB-XZOPHNG6yh7DszZT0vpfMrV83hpICM8WoCop75o_jQ6V7mGV6EWCCfRnp8rr8.jpg?r=5d4,https://www.netflix.com/watch/80025384?tctx=3%2C17%2C%2C%2C%2C%2C%2C%2C%2CVideo%3A80025384%2C,"['Recovery-mode Recommendations', 'Wanna Feel Like It’ll All Work Out?']",False,tt3339966,7.5,"82,744",2015–2019,TV-14,30 min,Comedy,N/A,"Ellie Kemper, Jane Krakowski, Tituss Burgess",A woman is rescued from a doomsday cult and starts life over again in New York City.,Nominated for 18 Primetime Emmys. 25 wins & 98 nominations total,https://m.media-amazon.com/images/M/MV5BMTgyNTQyNjUwN15BMl5BanBnXkFtZTgwNjMwNjUzNzM@._V1_SX300.jpg,,4,series,7.5,82744
Hichki,81587844,https://occ-0-2087-2164.1.nflxso.net/dnm/api/v6/Qs00mKCpRvrkl3HZAN5KwEL1kpE/AAAABcJvfJZg77nbQW1VGYT7Oq5-4EuAB7TZ2E6Uz14jL5PjIbbWZXDkYSbIthPxVQ3Ypu3oxCkUkFo7llyqXx2eboR0j2hbiYzD3aOtfrs7OklIt4dL-Fn0L2-asTTFFd1f07SxF41cl-tcRS7PIV0tq4xAbGishSwTYPCSDvfhVzDz.webp?r=49c,https://www.netflix.com/watch/81587844?tctx=26%2C37%2C%2C%2C%2C%2C%2C%2C%2CVideo%3A81587844%2C,"['Because you watched Dabba Cartel', 'Because you watched Ulajh']",False,tt6588966,7.5,"14,225",2018,Not Rated,116 min,"Comedy, Drama",Siddharth P Malhotra,"Rani Mukerji, Rohit Saraf, Pankaj Anand","Suffering from Tourette Syndrome, Naina gets assigned a class of defiant students and must ensure that her students realise their potential.",2 wins & 10 nominations,https://m.media-amazon.com/images/M/MV5BMDA1YWI0ZTctYjE0Zi00YWZlLTkxMjUtMjM3YjIxNDE2YzQ3XkEyXkFqcGc@._V1_SX300.jpg,,,movie,7.5,14225
A Quiet Place,80213226,https://occ-0-2087-2164.1.nflxso.net/dnm/api/v6/Qs00mKCpRvrkl3HZAN5KwEL1kpE/AAAABVDUn3CG-kBZZMtD04xl7Q5e8ObzNZWH6YMeXZwPoE2tSt0Tv_GdEk6V-Su9w8VKEKnmdd5aObxgWPC6KFZ-FKtpVQxaKd0EoQM.webp?r=e29,https://www.netflix.com/watch/80213226?tctx=35%2C33%2C%2C%2C%2C%2C%2C%2C%2CVideo%3A80213226%2C,['Award-Winning Films'],False,tt6644200,7.5,"641,676",2018,PG-13,90 min,"Drama, Horror, Sci-Fi",John Krasinski,"Emily Blunt, John Krasinski, Millicent Simmonds",A family struggles for survival in a world invaded by blind alien creatures with ultra-sensitive hearing.,Nominated for 1 Oscar. 38 wins & 129 nominations total,https://m.media-amazon.com/images/M/MV5BMjI0MDMzNTQ0M15BMl5BanBnXkFtZTgwMTM5NzM3NDM@._V1_SX300.jpg,,,movie,7.5,641676
